/batch
/config,noeldb,1     ! force off writing results to database
*get,_wallstrt,active,,time,wall
! ANSYS input file written by Workbench version 2025 R2
! File used for geometry attach: C:\Users\admin\Desktop\LIDIX\ansys\układ_pojedynczy_polimer_files\dp0\Geom\DM\Geom.agdb
/title,uk_ad_pojedynczy_ceramika--Harmonic Response (C5)
! ****** Begin Custom Load Command Snippet ******
/COM, ACT Extensions:
/COM,     LSDYNA, 2025.2
/COM,     5f463412-bd3e-484b-87e7-cbc0a665e474, wbex
/COM,/COM,     ANSYSMotion, 2025.2
/COM,     20180725-3f81-49eb-9f31-41364844c769, wbex
/COM,
! ****** End   Custom Load Command Snippet ******
*DIM,_wb_ProjectScratch_dir,string,248
_wb_ProjectScratch_dir(1) = 'C:\Users\admin\Desktop\LIDIX\ansys\_ProjectScratch\Scr3102\'

/com,--- Data in consistent MKS units. See Solving Units in the help system for more information.
/units,MKS
/nopr
/wb,file,start              !  signify a WB generated input file
/prep7
! Turn off shape checking because checks already performed inside WB mesher.
! See help system for more information.
SHPP,OFF,,NOWARN
/nolist
etcon,set             ! allow ANSYS to choose best KEYOP's for 180x elements, resets any applicable keyopt to MAPDL defaults
/com,*********** Send User Defined Coordinate System(s) ***********
csys,0
/com,*********** Nodes for the whole assembly ***********
nblock,3,,3377
(1i9,3e20.9e3)
        1     1.959559928E-02     3.000000000E-03     5.719483357E-02
        2     2.132987053E-02     3.000000000E-03     3.917315028E-02
        3     1.540090485E-02     3.000000000E-03     3.696698300E-02
        4     1.246538243E-02     3.000000000E-03     3.184332556E-02
        5     1.201852456E-02     3.000000000E-03     2.624352891E-02
        6     1.484095764E-02     3.000000000E-03     2.285749376E-02
        7     2.062057742E-02     3.000000000E-03     2.164597396E-02
        8     2.497516128E-02     3.000000000E-03     2.378420261E-02
        9     2.826059825E-02     3.000000000E-03     2.878576337E-02
       10     2.787662250E-02     3.000000000E-03     3.347468619E-02
       11     2.377625703E-02     3.000000000E-03     3.781133250E-02
       12     2.561452681E-02     3.000000000E-03     6.000665372E-02
       13     2.760076259E-02     3.000000000E-03     6.552722886E-02
       14     2.708527654E-02     3.000000000E-03     7.151009487E-02
       15     2.409462888E-02     3.000000000E-03     7.477310426E-02
       16     1.819361039E-02     3.000000000E-03     7.479253603E-02
       17     1.279711902E-02     3.000000000E-03     7.336946540E-02
       18     1.154078076E-02     3.000000000E-03     6.757811614E-02
       19     1.268735653E-02     3.000000000E-03     6.274167695E-02
       20     1.487428238E-02     3.000000000E-03     6.062156232E-02
       21     1.940976842E-02     3.000000000E-03     6.115729411E-02
       22     1.757663799E-02     3.000000000E-03     3.503305727E-02
       23     1.667670998E-02     3.000000000E-03     3.225043937E-02
       24     1.562905302E-02     3.000000000E-03     3.007249104E-02
       25     1.517062767E-02     3.000000000E-03     2.599277835E-02
       26     2.159045206E-02     3.000000000E-03     2.539835176E-02
       27     2.335133117E-02     3.000000000E-03     2.826669102E-02
       28     2.540221408E-02     3.000000000E-03     3.085658118E-02
       29     2.343549466E-02     3.000000000E-03     3.306263514E-02
       30     2.386269980E-02     3.000000000E-03     6.361565814E-02
       31     2.381227044E-02     3.000000000E-03     6.830856381E-02
       32     1.825414511E-02     3.000000000E-03     7.065220489E-02
       33     1.508165654E-02     3.000000000E-03     6.625909893E-02
       34     1.718482877E-02     3.000000000E-03     6.310249359E-02
       35     1.961849268E-02     3.000000000E-03     6.654083298E-02
       36     2.020183790E-02     3.000000000E-03     3.054045013E-02
       37     2.105768970E-02     3.000000000E-03     7.148160783E-02
       38     1.731415046E-02     3.000000000E-03     5.873735914E-02
       39     1.071699887E-02     3.000000000E-03     6.476572128E-02
       40     1.216431311E-02     3.000000000E-03     7.057587783E-02
       41     1.536012142E-02     3.000000000E-03     7.416629159E-02
       42     2.118439075E-02     3.000000000E-03     7.507641163E-02
       43     2.656826396E-02     3.000000000E-03     7.403585536E-02
       44     2.765027272E-02     3.000000000E-03     6.857513869E-02
       45     2.692198692E-02     3.000000000E-03     6.264558146E-02
       46     2.421918984E-02     3.000000000E-03     5.796587497E-02
       47     2.172956860E-02     3.000000000E-03     5.821881504E-02
       48     2.604023674E-02     3.000000000E-03     3.580944170E-02
       49     2.945768679E-02     3.000000000E-03     3.122499377E-02
       50     2.684709522E-02     3.000000000E-03     2.617089490E-02
       51     2.341934465E-02     3.000000000E-03     2.141208139E-02
       52     1.764233450E-02     3.000000000E-03     2.203237078E-02
       53     1.236339585E-02     3.000000000E-03     2.378468211E-02
       54     1.190855740E-02     3.000000000E-03     2.893719304E-02
       55     1.367081009E-02     3.000000000E-03     3.458277404E-02
       56     1.763495856E-02     3.000000000E-03     3.917243256E-02
       57     1.976869762E-02     3.000000000E-03     4.025973325E-02
       58     1.954791896E-02     3.000000000E-03     3.710671478E-02
       59     2.320449944E-02     3.000000000E-03     6.091993645E-02
       60     1.552581266E-02     3.000000000E-03     7.016346319E-02
       61     2.393456324E-02     3.000000000E-03     6.587916270E-02
       62     2.167294863E-02     3.000000000E-03     3.530513567E-02
       63     1.829937634E-02     3.000000000E-03     2.690013935E-02
       64     1.429631750E-02     3.000000000E-03     2.847789516E-02
       65     2.402745919E-02     3.000000000E-03     7.157180216E-02
       66     1.984258100E-02     3.000000000E-03     3.367530582E-02
       67     2.156676173E-02     3.000000000E-03     6.884831922E-02
       68     2.147580511E-02     3.000000000E-03     6.278768878E-02
       69     2.147580511E-02     1.000000000E-03     6.278768878E-02
       70     2.156676173E-02     1.000000000E-03     6.884831922E-02
       71     1.984258100E-02     1.000000000E-03     3.367530582E-02
       72     2.402745919E-02     1.000000000E-03     7.157180216E-02
       73     1.429631750E-02     1.000000000E-03     2.847789516E-02
       74     1.829937634E-02     1.000000000E-03     2.690013935E-02
       75     2.167294863E-02     1.000000000E-03     3.530513567E-02
       76     2.393456324E-02     1.000000000E-03     6.587916270E-02
       77     1.552581266E-02     1.000000000E-03     7.016346319E-02
       78     2.320449944E-02     1.000000000E-03     6.091993645E-02
       79     1.954791896E-02     1.000000000E-03     3.710671478E-02
       80     1.976869762E-02     1.000000000E-03     4.025973325E-02
       81     1.763495856E-02     1.000000000E-03     3.917243256E-02
       82     1.367081009E-02     1.000000000E-03     3.458277404E-02
       83     1.190855740E-02     1.000000000E-03     2.893719304E-02
       84     1.236339585E-02     1.000000000E-03     2.378468211E-02
       85     1.764233450E-02     1.000000000E-03     2.203237078E-02
       86     2.341934465E-02     1.000000000E-03     2.141208139E-02
       87     2.684709522E-02     1.000000000E-03     2.617089490E-02
       88     2.945768679E-02     1.000000000E-03     3.122499377E-02
       89     2.604023674E-02     1.000000000E-03     3.580944170E-02
       90     2.172956860E-02     1.000000000E-03     5.821881504E-02
       91     2.421918984E-02     1.000000000E-03     5.796587497E-02
       92     2.692198692E-02     1.000000000E-03     6.264558146E-02
       93     2.765027272E-02     1.000000000E-03     6.857513869E-02
       94     2.656826396E-02     1.000000000E-03     7.403585536E-02
       95     2.118439075E-02     1.000000000E-03     7.507641163E-02
       96     1.536012142E-02     1.000000000E-03     7.416629159E-02
       97     1.216431311E-02     1.000000000E-03     7.057587783E-02
       98     1.071699887E-02     1.000000000E-03     6.476572128E-02
       99     1.731415046E-02     1.000000000E-03     5.873735914E-02
      100     2.105768970E-02     1.000000000E-03     7.148160783E-02
      101     2.020183790E-02     1.000000000E-03     3.054045013E-02
      102     1.961849268E-02     1.000000000E-03     6.654083298E-02
      103     1.718482877E-02     1.000000000E-03     6.310249359E-02
      104     1.508165654E-02     1.000000000E-03     6.625909893E-02
      105     1.825414511E-02     1.000000000E-03     7.065220489E-02
      106     2.381227044E-02     1.000000000E-03     6.830856381E-02
      107     2.386269980E-02     1.000000000E-03     6.361565814E-02
      108     2.343549466E-02     1.000000000E-03     3.306263514E-02
      109     2.540221408E-02     1.000000000E-03     3.085658118E-02
      110     2.335133117E-02     1.000000000E-03     2.826669102E-02
      111     2.159045206E-02     1.000000000E-03     2.539835176E-02
      112     1.517062767E-02     1.000000000E-03     2.599277835E-02
      113     1.562905302E-02     1.000000000E-03     3.007249104E-02
      114     1.667670998E-02     1.000000000E-03     3.225043937E-02
      115     1.757663799E-02     1.000000000E-03     3.503305727E-02
      116     1.940976842E-02     1.000000000E-03     6.115729411E-02
      117     1.487428238E-02     1.000000000E-03     6.062156232E-02
      118     1.268735653E-02     1.000000000E-03     6.274167695E-02
      119     1.154078076E-02     1.000000000E-03     6.757811614E-02
      120     1.279711902E-02     1.000000000E-03     7.336946540E-02
      121     1.819361039E-02     1.000000000E-03     7.479253603E-02
      122     2.409462888E-02     1.000000000E-03     7.477310426E-02
      123     2.708527654E-02     1.000000000E-03     7.151009487E-02
      124     2.760076259E-02     1.000000000E-03     6.552722886E-02
      125     2.561452681E-02     1.000000000E-03     6.000665372E-02
      126     2.377625703E-02     1.000000000E-03     3.781133250E-02
      127     2.787662250E-02     1.000000000E-03     3.347468619E-02
      128     2.826059825E-02     1.000000000E-03     2.878576337E-02
      129     2.497516128E-02     1.000000000E-03     2.378420261E-02
      130     2.062057742E-02     1.000000000E-03     2.164597396E-02
      131     1.484095764E-02     1.000000000E-03     2.285749376E-02
      132     1.201852456E-02     1.000000000E-03     2.624352891E-02
      133     1.246538243E-02     1.000000000E-03     3.184332556E-02
      134     1.540090485E-02     1.000000000E-03     3.696698300E-02
      135     2.132987053E-02     1.000000000E-03     3.917315028E-02
      136     1.959559928E-02     1.000000000E-03     5.719483357E-02
      137     1.553019320E-02     1.000000000E-03     5.532649037E-02
      138     1.206298044E-02     1.000000000E-03     5.734320340E-02
      139     9.413023961E-03     1.000000000E-03     6.035425412E-02
      140     7.853183553E-03     1.000000000E-03     6.404960169E-02
      141     7.544072325E-03     1.000000000E-03     6.804874485E-02
      142     8.517518736E-03     1.000000000E-03     7.193990121E-02
      143     1.067328929E-02     1.000000000E-03     7.532240755E-02
      144     1.378940936E-02     1.000000000E-03     7.784797511E-02
      145     1.754501937E-02     1.000000000E-03     7.925655213E-02
      146     2.155341297E-02     1.000000000E-03     7.940310075E-02
      147     2.540185529E-02     1.000000000E-03     7.827253119E-02
      148     2.869408124E-02     1.000000000E-03     7.598125555E-02
      149     3.109109806E-02     1.000000000E-03     7.276520111E-02
      150     3.234609054E-02     1.000000000E-03     6.895551744E-02
      151     3.232983505E-02     1.000000000E-03     6.494447873E-02
      152     3.104400538E-02     1.000000000E-03     6.114509222E-02
      153     2.862100041E-02     1.000000000E-03     5.794857183E-02
      154     2.531031125E-02     1.000000000E-03     5.568405574E-02
      155     2.194808291E-02     1.000000000E-03     4.437347807E-02
      156     2.184903269E-02     1.000000000E-03     4.641572564E-02
      157     2.174998247E-02     1.000000000E-03     4.845797320E-02
      158     2.165093225E-02     1.000000000E-03     5.050022076E-02
      159     2.155188203E-02     1.000000000E-03     5.254246832E-02
      160     2.145283181E-02     1.000000000E-03     5.458471588E-02
      161     2.204713313E-02     1.000000000E-03     4.233123051E-02
      162     2.584532244E-02     1.000000000E-03     4.104474516E-02
      163     2.904068100E-02     1.000000000E-03     3.862173665E-02
      164     3.130434177E-02     1.000000000E-03     3.531158159E-02
      165     3.240332825E-02     1.000000000E-03     3.145496192E-02
      166     3.222453249E-02     1.000000000E-03     2.744880183E-02
      167     3.078635620E-02     1.000000000E-03     2.370541626E-02
      168     2.823681681E-02     1.000000000E-03     2.061007532E-02
      169     2.483831352E-02     1.000000000E-03     1.848135224E-02
      170     2.094062108E-02     1.000000000E-03     1.753833569E-02
      171     1.694489090E-02     1.000000000E-03     1.787808115E-02
      172     1.326236449E-02     1.000000000E-03     1.946562195E-02
      173     1.027204830E-02     1.000000000E-03     2.213756800E-02
      174     8.281706400E-03     1.000000000E-03     2.561892200E-02
      175     7.496185228E-03     1.000000000E-03     2.955138218E-02
      176     7.996330811E-03     1.000000000E-03     3.353021882E-02
      177     9.730668048E-03     1.000000000E-03     3.714592911E-02
      178     1.252069855E-02     1.000000000E-03     4.002638332E-02
      179     1.607927171E-02     1.000000000E-03     4.187512440E-02
      180     2.004013836E-02     1.000000000E-03     4.250187951E-02
      181     1.994305721E-02     1.000000000E-03     4.450352813E-02
      182     1.984597607E-02     1.000000000E-03     4.650517675E-02
      183     1.974889492E-02     1.000000000E-03     4.850682537E-02
      184     1.965181377E-02     1.000000000E-03     5.050847398E-02
      185     1.955473262E-02     1.000000000E-03     5.251012260E-02
      186     1.945765148E-02     1.000000000E-03     5.451177122E-02
      187     1.955473262E-02     3.000000000E-03     5.251012260E-02
      188     1.965181377E-02     3.000000000E-03     5.050847398E-02
      189     1.974889492E-02     3.000000000E-03     4.850682537E-02
      190     1.984597607E-02     3.000000000E-03     4.650517675E-02
      191     1.994305721E-02     3.000000000E-03     4.450352813E-02
      192     1.945765148E-02     3.000000000E-03     5.451177122E-02
      193     2.004013836E-02     3.000000000E-03     4.250187951E-02
      194     2.584532244E-02     3.000000000E-03     4.104474516E-02
      195     2.204713313E-02     3.000000000E-03     4.233123051E-02
      196     2.904068100E-02     3.000000000E-03     3.862173665E-02
      197     3.130434177E-02     3.000000000E-03     3.531158159E-02
      198     3.240332825E-02     3.000000000E-03     3.145496192E-02
      199     3.222453249E-02     3.000000000E-03     2.744880183E-02
      200     3.078635620E-02     3.000000000E-03     2.370541626E-02
      201     2.823681681E-02     3.000000000E-03     2.061007532E-02
      202     2.483831352E-02     3.000000000E-03     1.848135224E-02
      203     2.094062108E-02     3.000000000E-03     1.753833569E-02
      204     1.694489090E-02     3.000000000E-03     1.787808115E-02
      205     1.326236449E-02     3.000000000E-03     1.946562195E-02
      206     1.027204830E-02     3.000000000E-03     2.213756800E-02
      207     8.281706400E-03     3.000000000E-03     2.561892200E-02
      208     7.496185228E-03     3.000000000E-03     2.955138218E-02
      209     7.996330811E-03     3.000000000E-03     3.353021882E-02
      210     9.730668048E-03     3.000000000E-03     3.714592911E-02
      211     1.252069855E-02     3.000000000E-03     4.002638332E-02
      212     1.607927171E-02     3.000000000E-03     4.187512440E-02
      213     2.155188203E-02     3.000000000E-03     5.254246832E-02
      214     2.165093225E-02     3.000000000E-03     5.050022076E-02
      215     2.174998247E-02     3.000000000E-03     4.845797320E-02
      216     2.184903269E-02     3.000000000E-03     4.641572564E-02
      217     2.194808291E-02     3.000000000E-03     4.437347807E-02
      218     2.145283181E-02     3.000000000E-03     5.458471588E-02
      219     1.553019320E-02     3.000000000E-03     5.532649037E-02
      220     1.206298044E-02     3.000000000E-03     5.734320340E-02
      221     9.413023961E-03     3.000000000E-03     6.035425412E-02
      222     7.853183553E-03     3.000000000E-03     6.404960169E-02
      223     7.544072325E-03     3.000000000E-03     6.804874485E-02
      224     8.517518736E-03     3.000000000E-03     7.193990121E-02
      225     1.067328929E-02     3.000000000E-03     7.532240755E-02
      226     1.378940936E-02     3.000000000E-03     7.784797511E-02
      227     1.754501937E-02     3.000000000E-03     7.925655213E-02
      228     2.155341297E-02     3.000000000E-03     7.940310075E-02
      229     2.540185529E-02     3.000000000E-03     7.827253119E-02
      230     2.869408124E-02     3.000000000E-03     7.598125555E-02
      231     3.109109806E-02     3.000000000E-03     7.276520111E-02
      232     3.234609054E-02     3.000000000E-03     6.895551744E-02
      233     3.232983505E-02     3.000000000E-03     6.494447873E-02
      234     3.104400538E-02     3.000000000E-03     6.114509222E-02
      235     2.862100041E-02     3.000000000E-03     5.794857183E-02
      236     2.531031125E-02     3.000000000E-03     5.568405574E-02
      237     1.845487487E-02     3.000000000E-03     5.796609635E-02
      238     2.066258394E-02     3.000000000E-03     5.770682430E-02
      239     1.959559928E-02     2.000000000E-03     5.719483357E-02
      240     1.952662538E-02     3.000000000E-03     5.585330239E-02
      241     2.255306378E-02     3.000000000E-03     3.849224139E-02
      242     2.054928407E-02     3.000000000E-03     3.971644176E-02
      243     2.043889475E-02     3.000000000E-03     3.813993253E-02
      244     2.132987053E-02     2.000000000E-03     3.917315028E-02
      245     2.168850183E-02     3.000000000E-03     4.075219040E-02
      246     1.648877142E-02     3.000000000E-03     3.600002014E-02
      247     1.453585747E-02     3.000000000E-03     3.577487852E-02
      248     1.651793170E-02     3.000000000E-03     3.806970778E-02
      249     1.540090485E-02     2.000000000E-03     3.696698300E-02
      250     1.396080170E-02     3.000000000E-03     3.849668316E-02
      251     1.404721773E-02     3.000000000E-03     3.095790830E-02
      252     1.218696991E-02     3.000000000E-03     3.039025930E-02
      253     1.306809626E-02     3.000000000E-03     3.321304980E-02
      254     1.246538243E-02     2.000000000E-03     3.184332556E-02
      255     1.023085662E-02     3.000000000E-03     3.268677219E-02
      256     1.359457612E-02     3.000000000E-03     2.611815363E-02
      257     1.219096020E-02     3.000000000E-03     2.501410551E-02
      258     1.196354098E-02     3.000000000E-03     2.759036097E-02
      259     1.201852456E-02     2.000000000E-03     2.624352891E-02
      260     1.015011548E-02     3.000000000E-03     2.593122545E-02
      261     1.500579266E-02     3.000000000E-03     2.442513605E-02
      262     1.624164607E-02     3.000000000E-03     2.244493227E-02
      263     1.360217675E-02     3.000000000E-03     2.332108794E-02
      264     1.484095764E-02     2.000000000E-03     2.285749376E-02
      265     1.405166106E-02     3.000000000E-03     2.116155785E-02
      266     2.110551474E-02     3.000000000E-03     2.352216286E-02
      267     2.201996103E-02     3.000000000E-03     2.152902768E-02
      268     1.913145596E-02     3.000000000E-03     2.183917237E-02
      269     2.062057742E-02     2.000000000E-03     2.164597396E-02
      270     2.078059925E-02     3.000000000E-03     1.959215483E-02
      271     2.328280667E-02     3.000000000E-03     2.459127719E-02
      272     2.591112825E-02     3.000000000E-03     2.497754876E-02
      273     2.419725296E-02     3.000000000E-03     2.259814200E-02
      274     2.497516128E-02     2.000000000E-03     2.378420261E-02
      275     2.660598904E-02     3.000000000E-03     2.219713897E-02
      276     2.683140616E-02     3.000000000E-03     2.982117228E-02
      277     2.885914252E-02     3.000000000E-03     3.000537857E-02
      278     2.755384674E-02     3.000000000E-03     2.747832914E-02
      279     2.826059825E-02     2.000000000E-03     2.878576337E-02
      280     3.024256537E-02     3.000000000E-03     2.811728260E-02
      281     2.663941829E-02     3.000000000E-03     3.216563369E-02
      282     2.695842962E-02     3.000000000E-03     3.464206395E-02
      283     2.866715465E-02     3.000000000E-03     3.234983998E-02
      284     2.787662250E-02     2.000000000E-03     3.347468619E-02
      285     2.959048214E-02     3.000000000E-03     3.439313389E-02
      286     2.490824688E-02     3.000000000E-03     3.681038710E-02
      287     2.272460283E-02     3.000000000E-03     3.655823408E-02
      288     2.377625703E-02     2.000000000E-03     3.781133250E-02
      289     2.481078973E-02     3.000000000E-03     3.942803883E-02
      290     2.626825687E-02     3.000000000E-03     6.132611759E-02
      291     2.491685832E-02     3.000000000E-03     5.898626435E-02
      292     2.440951312E-02     3.000000000E-03     6.046329509E-02
      293     2.561452681E-02     2.000000000E-03     6.000665372E-02
      294     2.711776361E-02     3.000000000E-03     5.897761278E-02
      295     2.762551765E-02     3.000000000E-03     6.705118377E-02
      296     2.726137476E-02     3.000000000E-03     6.408640516E-02
      297     2.576766291E-02     3.000000000E-03     6.570319578E-02
      298     2.760076259E-02     2.000000000E-03     6.552722886E-02
      299     2.996529882E-02     3.000000000E-03     6.523585380E-02
      300     2.682677025E-02     3.000000000E-03     7.277297512E-02
      301     2.736777463E-02     3.000000000E-03     7.004261678E-02
      302     2.555636787E-02     3.000000000E-03     7.154094851E-02
      303     2.708527654E-02     2.000000000E-03     7.151009487E-02
      304     2.908818730E-02     3.000000000E-03     7.213764799E-02
      305     2.263950981E-02     3.000000000E-03     7.492475794E-02
      306     2.533144642E-02     3.000000000E-03     7.440447981E-02
      307     2.406104403E-02     3.000000000E-03     7.317245321E-02
      308     2.409462888E-02     2.000000000E-03     7.477310426E-02
      309     2.474824208E-02     3.000000000E-03     7.652281772E-02
      310     1.822387775E-02     3.000000000E-03     7.272237046E-02
      311     1.677686591E-02     3.000000000E-03     7.447941381E-02
      312     1.968900057E-02     3.000000000E-03     7.493447383E-02
      313     1.819361039E-02     2.000000000E-03     7.479253603E-02
      314     1.786931488E-02     3.000000000E-03     7.702454408E-02
      315     1.248071607E-02     3.000000000E-03     7.197267162E-02
      316     1.407862022E-02     3.000000000E-03     7.376787849E-02
      317     1.279711902E-02     2.000000000E-03     7.336946540E-02
      318     1.173520416E-02     3.000000000E-03     7.434593647E-02
      319     1.331121865E-02     3.000000000E-03     6.691860754E-02
      320     1.112888981E-02     3.000000000E-03     6.617191871E-02
      321     1.185254694E-02     3.000000000E-03     6.907699699E-02
      322     1.154078076E-02     2.000000000E-03     6.757811614E-02
      323     9.542426542E-03     3.000000000E-03     6.781343049E-02
      324     1.378081946E-02     3.000000000E-03     6.168161964E-02
      325     1.388450653E-02     3.000000000E-03     6.450038794E-02
      326     1.170217770E-02     3.000000000E-03     6.375369912E-02
      327     1.268735653E-02     2.000000000E-03     6.274167695E-02
      328     1.105019025E-02     3.000000000E-03     6.154796554E-02
      329     1.602955558E-02     3.000000000E-03     6.186202796E-02
      330     1.609421642E-02     3.000000000E-03     5.967946073E-02
      331     1.487428238E-02     2.000000000E-03     6.062156232E-02
      332     1.346863141E-02     3.000000000E-03     5.898238286E-02
      333     1.829729860E-02     3.000000000E-03     6.212989385E-02
      334     1.836195944E-02     3.000000000E-03     5.994732662E-02
      335     2.056966851E-02     3.000000000E-03     5.968805457E-02
      336     2.044278677E-02     3.000000000E-03     6.197249144E-02
      337     1.940976842E-02     2.000000000E-03     6.115729411E-02
      338     1.712667399E-02     3.000000000E-03     3.364174832E-02
      339     1.856227848E-02     3.000000000E-03     3.606988603E-02
      340     1.870960949E-02     3.000000000E-03     3.435418154E-02
      341     1.757663799E-02     2.000000000E-03     3.503305727E-02
      342     1.615288150E-02     3.000000000E-03     3.116146520E-02
      343     1.843927394E-02     3.000000000E-03     3.139544475E-02
      344     1.517376004E-02     3.000000000E-03     3.341660671E-02
      345     1.667670998E-02     2.000000000E-03     3.225043937E-02
      346     1.696421468E-02     3.000000000E-03     2.848631519E-02
      347     1.496268526E-02     3.000000000E-03     2.927519310E-02
      348     1.562905302E-02     2.000000000E-03     3.007249104E-02
      349     1.673500201E-02     3.000000000E-03     2.644645885E-02
      350     1.473347259E-02     3.000000000E-03     2.723533676E-02
      351     1.517062767E-02     2.000000000E-03     2.599277835E-02
      352     2.247089162E-02     3.000000000E-03     2.683252139E-02
      353     1.994491420E-02     3.000000000E-03     2.614924556E-02
      354     2.159045206E-02     2.000000000E-03     2.539835176E-02
      355     2.437677262E-02     3.000000000E-03     2.956163610E-02
      356     2.177658454E-02     3.000000000E-03     2.940357058E-02
      357     2.509921320E-02     3.000000000E-03     2.721879296E-02
      358     2.335133117E-02     2.000000000E-03     2.826669102E-02
      359     2.441885437E-02     3.000000000E-03     3.195960816E-02
      360     2.540221408E-02     2.000000000E-03     3.085658118E-02
      361     2.181866628E-02     3.000000000E-03     3.180154263E-02
      362     2.473786570E-02     3.000000000E-03     3.443603842E-02
      363     2.255422165E-02     3.000000000E-03     3.418388540E-02
      364     2.343549466E-02     2.000000000E-03     3.306263514E-02
      365     2.539234336E-02     3.000000000E-03     6.313061980E-02
      366     2.353359962E-02     3.000000000E-03     6.226779730E-02
      367     2.389863152E-02     3.000000000E-03     6.474741042E-02
      368     2.266925245E-02     3.000000000E-03     6.320167346E-02
      369     2.386269980E-02     2.000000000E-03     6.361565814E-02
      370     2.573127158E-02     3.000000000E-03     6.844185125E-02
      371     2.387341684E-02     3.000000000E-03     6.709386326E-02
      372     2.391986481E-02     3.000000000E-03     6.994018298E-02
      373     2.268951608E-02     3.000000000E-03     6.857844151E-02
      374     2.381227044E-02     2.000000000E-03     6.830856381E-02
      375     1.893631890E-02     3.000000000E-03     6.859651893E-02
      376     1.965591741E-02     3.000000000E-03     7.106690636E-02
      377     1.688997888E-02     3.000000000E-03     7.040783404E-02
      378     1.825414511E-02     2.000000000E-03     7.065220489E-02
      379     1.613324265E-02     3.000000000E-03     6.468079626E-02
      380     1.735007461E-02     3.000000000E-03     6.639996595E-02
      381     1.530373460E-02     3.000000000E-03     6.821128106E-02
      382     1.508165654E-02     2.000000000E-03     6.625909893E-02
      383     1.840166073E-02     3.000000000E-03     6.482166328E-02
      384     1.718482877E-02     2.000000000E-03     6.310249359E-02
      385     2.177652796E-02     3.000000000E-03     6.620999784E-02
      386     2.059262720E-02     3.000000000E-03     6.769457610E-02
      387     2.054714890E-02     3.000000000E-03     6.466426088E-02
      388     1.961849268E-02     2.000000000E-03     6.654083298E-02
      389     1.925060712E-02     3.000000000E-03     2.872029474E-02
      390     2.002220945E-02     3.000000000E-03     3.210787797E-02
      391     2.020183790E-02     2.000000000E-03     3.054045013E-02
      392     2.112104023E-02     3.000000000E-03     7.327900973E-02
      393     2.254257445E-02     3.000000000E-03     7.152670499E-02
      394     2.131222571E-02     3.000000000E-03     7.016496352E-02
      395     2.105768970E-02     2.000000000E-03     7.148160783E-02
      396     1.731415046E-02     2.000000000E-03     5.873735914E-02
      397     1.642217183E-02     3.000000000E-03     5.703192475E-02
      398     1.071699887E-02     2.000000000E-03     6.476572128E-02
      399     9.285091211E-03     3.000000000E-03     6.440766148E-02
      400     1.384506288E-02     3.000000000E-03     7.036967051E-02
      401     1.216431311E-02     2.000000000E-03     7.057587783E-02
      402     1.034091592E-02     3.000000000E-03     7.125788952E-02
      403     1.544296704E-02     3.000000000E-03     7.216487739E-02
      404     1.536012142E-02     2.000000000E-03     7.416629159E-02
      405     1.457476539E-02     3.000000000E-03     7.600713335E-02
      406     2.118439075E-02     2.000000000E-03     7.507641163E-02
      407     2.136890186E-02     3.000000000E-03     7.723975619E-02
      408     2.656826396E-02     2.000000000E-03     7.403585536E-02
      409     2.763117260E-02     3.000000000E-03     7.500855546E-02
      410     2.765027272E-02     2.000000000E-03     6.857513869E-02
      411     2.999818163E-02     3.000000000E-03     6.876532807E-02
      412     2.692198692E-02     2.000000000E-03     6.264558146E-02
      413     2.898299615E-02     3.000000000E-03     6.189533684E-02
      414     2.297437922E-02     3.000000000E-03     5.809234500E-02
      415     2.421918984E-02     2.000000000E-03     5.796587497E-02
      416     2.476475054E-02     3.000000000E-03     5.682496536E-02
      417     2.246703402E-02     3.000000000E-03     5.956937575E-02
      418     2.172956860E-02     2.000000000E-03     5.821881504E-02
      419     2.159120020E-02     3.000000000E-03     5.640176546E-02
      420     2.604023674E-02     2.000000000E-03     3.580944170E-02
      421     2.754045887E-02     3.000000000E-03     3.721558917E-02
      422     2.945768679E-02     2.000000000E-03     3.122499377E-02
      423     3.093050752E-02     3.000000000E-03     3.133997785E-02
      424     2.684709522E-02     2.000000000E-03     2.617089490E-02
      425     2.881672571E-02     3.000000000E-03     2.493815558E-02
      426     2.341934465E-02     2.000000000E-03     2.141208139E-02
      427     2.412882908E-02     3.000000000E-03     1.994671681E-02
      428     1.797085542E-02     3.000000000E-03     2.446625507E-02
      429     1.764233450E-02     2.000000000E-03     2.203237078E-02
      430     1.729361270E-02     3.000000000E-03     1.995522597E-02
      431     1.236339585E-02     2.000000000E-03     2.378468211E-02
      432     1.131772208E-02     3.000000000E-03     2.296112506E-02
      433     1.310243745E-02     3.000000000E-03     2.870754410E-02
      434     1.190855740E-02     2.000000000E-03     2.893719304E-02
      435     9.702371312E-03     3.000000000E-03     2.924428761E-02
      436     1.367081009E-02     2.000000000E-03     3.458277404E-02
      437     1.170073907E-02     3.000000000E-03     3.586435158E-02
      438     1.870182809E-02     3.000000000E-03     3.971608290E-02
      439     1.859143876E-02     3.000000000E-03     3.813957367E-02
      440     1.763495856E-02     2.000000000E-03     3.917243256E-02
      441     1.685711514E-02     3.000000000E-03     4.052377848E-02
      442     1.976869762E-02     2.000000000E-03     4.025973325E-02
      443     1.990441799E-02     3.000000000E-03     4.138080638E-02
      444     2.061043380E-02     3.000000000E-03     3.620592523E-02
      445     1.954791896E-02     2.000000000E-03     3.710671478E-02
      446     2.234015228E-02     3.000000000E-03     6.185381261E-02
      447     2.320449944E-02     2.000000000E-03     6.091993645E-02
      448     1.552581266E-02     2.000000000E-03     7.016346319E-02
      449     2.393456324E-02     2.000000000E-03     6.587916270E-02
      450     2.075776481E-02     3.000000000E-03     3.449022074E-02
      451     2.167294863E-02     2.000000000E-03     3.530513567E-02
      452     1.829937634E-02     2.000000000E-03     2.690013935E-02
      453     1.429631750E-02     2.000000000E-03     2.847789516E-02
      454     2.402745919E-02     2.000000000E-03     7.157180216E-02
      455     1.984258100E-02     2.000000000E-03     3.367530582E-02
      456     2.156676173E-02     2.000000000E-03     6.884831922E-02
      457     2.147580511E-02     2.000000000E-03     6.278768878E-02
      458     2.234015228E-02     1.000000000E-03     6.185381261E-02
      459     2.054714890E-02     1.000000000E-03     6.466426088E-02
      460     2.266925245E-02     1.000000000E-03     6.320167346E-02
      461     2.044278677E-02     1.000000000E-03     6.197249144E-02
      462     2.131222571E-02     1.000000000E-03     7.016496352E-02
      463     2.059262720E-02     1.000000000E-03     6.769457610E-02
      464     2.268951608E-02     1.000000000E-03     6.857844151E-02
      465     2.075776481E-02     1.000000000E-03     3.449022074E-02
      466     2.002220945E-02     1.000000000E-03     3.210787797E-02
      467     1.870960949E-02     1.000000000E-03     3.435418154E-02
      468     2.254257445E-02     1.000000000E-03     7.152670499E-02
      469     2.391986481E-02     1.000000000E-03     6.994018298E-02
      470     2.406104403E-02     1.000000000E-03     7.317245321E-02
      471     2.555636787E-02     1.000000000E-03     7.154094851E-02
      472     1.310243745E-02     1.000000000E-03     2.870754410E-02
      473     1.473347259E-02     1.000000000E-03     2.723533676E-02
      474     1.496268526E-02     1.000000000E-03     2.927519310E-02
      475     1.797085542E-02     1.000000000E-03     2.446625507E-02
      476     1.925060712E-02     1.000000000E-03     2.872029474E-02
      477     1.994491420E-02     1.000000000E-03     2.614924556E-02
      478     1.673500201E-02     1.000000000E-03     2.644645885E-02
      479     1.696421468E-02     1.000000000E-03     2.848631519E-02
      480     2.061043380E-02     1.000000000E-03     3.620592523E-02
      481     2.255422165E-02     1.000000000E-03     3.418388540E-02
      482     2.272460283E-02     1.000000000E-03     3.655823408E-02
      483     2.177652796E-02     1.000000000E-03     6.620999784E-02
      484     2.387341684E-02     1.000000000E-03     6.709386326E-02
      485     2.389863152E-02     1.000000000E-03     6.474741042E-02
      486     2.576766291E-02     1.000000000E-03     6.570319578E-02
      487     1.544296704E-02     1.000000000E-03     7.216487739E-02
      488     1.384506288E-02     1.000000000E-03     7.036967051E-02
      489     1.530373460E-02     1.000000000E-03     6.821128106E-02
      490     1.688997888E-02     1.000000000E-03     7.040783404E-02
      491     2.246703402E-02     1.000000000E-03     5.956937575E-02
      492     2.353359962E-02     1.000000000E-03     6.226779730E-02
      493     2.440951312E-02     1.000000000E-03     6.046329509E-02
      494     1.859143876E-02     1.000000000E-03     3.813957367E-02
      495     1.856227848E-02     1.000000000E-03     3.606988603E-02
      496     2.043889475E-02     1.000000000E-03     3.813993253E-02
      497     1.870182809E-02     1.000000000E-03     3.971608290E-02
      498     2.054928407E-02     1.000000000E-03     3.971644176E-02
      499     1.990441799E-02     1.000000000E-03     4.138080638E-02
      500     1.651793170E-02     1.000000000E-03     3.806970778E-02
      501     1.685711514E-02     1.000000000E-03     4.052377848E-02
      502     1.517376004E-02     1.000000000E-03     3.341660671E-02
      503     1.306809626E-02     1.000000000E-03     3.321304980E-02
      504     1.453585747E-02     1.000000000E-03     3.577487852E-02
      505     1.170073907E-02     1.000000000E-03     3.586435158E-02
      506     1.196354098E-02     1.000000000E-03     2.759036097E-02
      507     1.218696991E-02     1.000000000E-03     3.039025930E-02
      508     9.702371312E-03     1.000000000E-03     2.924428761E-02
      509     1.360217675E-02     1.000000000E-03     2.332108794E-02
      510     1.219096020E-02     1.000000000E-03     2.501410551E-02
      511     1.131772208E-02     1.000000000E-03     2.296112506E-02
      512     1.913145596E-02     1.000000000E-03     2.183917237E-02
      513     1.624164607E-02     1.000000000E-03     2.244493227E-02
      514     1.729361270E-02     1.000000000E-03     1.995522597E-02
      515     2.419725296E-02     1.000000000E-03     2.259814200E-02
      516     2.201996103E-02     1.000000000E-03     2.152902768E-02
      517     2.412882908E-02     1.000000000E-03     1.994671681E-02
      518     2.509921320E-02     1.000000000E-03     2.721879296E-02
      519     2.755384674E-02     1.000000000E-03     2.747832914E-02
      520     2.591112825E-02     1.000000000E-03     2.497754876E-02
      521     2.881672571E-02     1.000000000E-03     2.493815558E-02
      522     2.866715465E-02     1.000000000E-03     3.234983998E-02
      523     2.885914252E-02     1.000000000E-03     3.000537857E-02
      524     3.093050752E-02     1.000000000E-03     3.133997785E-02
      525     2.473786570E-02     1.000000000E-03     3.443603842E-02
      526     2.490824688E-02     1.000000000E-03     3.681038710E-02
      527     2.695842962E-02     1.000000000E-03     3.464206395E-02
      528     2.754045887E-02     1.000000000E-03     3.721558917E-02
      529     2.297437922E-02     1.000000000E-03     5.809234500E-02
      530     2.056966851E-02     1.000000000E-03     5.968805457E-02
      531     2.066258394E-02     1.000000000E-03     5.770682430E-02
      532     2.159120020E-02     1.000000000E-03     5.640176546E-02
      533     2.491685832E-02     1.000000000E-03     5.898626435E-02
      534     2.476475054E-02     1.000000000E-03     5.682496536E-02
      535     2.539234336E-02     1.000000000E-03     6.313061980E-02
      536     2.726137476E-02     1.000000000E-03     6.408640516E-02
      537     2.626825687E-02     1.000000000E-03     6.132611759E-02
      538     2.898299615E-02     1.000000000E-03     6.189533684E-02
      539     2.573127158E-02     1.000000000E-03     6.844185125E-02
      540     2.736777463E-02     1.000000000E-03     7.004261678E-02
      541     2.762551765E-02     1.000000000E-03     6.705118377E-02
      542     2.999818163E-02     1.000000000E-03     6.876532807E-02
      543     2.533144642E-02     1.000000000E-03     7.440447981E-02
      544     2.682677025E-02     1.000000000E-03     7.277297512E-02
      545     2.763117260E-02     1.000000000E-03     7.500855546E-02
      546     2.112104023E-02     1.000000000E-03     7.327900973E-02
      547     1.968900057E-02     1.000000000E-03     7.493447383E-02
      548     2.263950981E-02     1.000000000E-03     7.492475794E-02
      549     2.136890186E-02     1.000000000E-03     7.723975619E-02
      550     1.407862022E-02     1.000000000E-03     7.376787849E-02
      551     1.677686591E-02     1.000000000E-03     7.447941381E-02
      552     1.457476539E-02     1.000000000E-03     7.600713335E-02
      553     1.185254694E-02     1.000000000E-03     6.907699699E-02
      554     1.248071607E-02     1.000000000E-03     7.197267162E-02
      555     1.034091592E-02     1.000000000E-03     7.125788952E-02
      556     1.170217770E-02     1.000000000E-03     6.375369912E-02
      557     1.112888981E-02     1.000000000E-03     6.617191871E-02
      558     9.285091211E-03     1.000000000E-03     6.440766148E-02
      559     1.836195944E-02     1.000000000E-03     5.994732662E-02
      560     1.609421642E-02     1.000000000E-03     5.967946073E-02
      561     1.845487487E-02     1.000000000E-03     5.796609635E-02
      562     1.642217183E-02     1.000000000E-03     5.703192475E-02
      563     1.965591741E-02     1.000000000E-03     7.106690636E-02
      564     2.181866628E-02     1.000000000E-03     3.180154263E-02
      565     2.177658454E-02     1.000000000E-03     2.940357058E-02
      566     1.843927394E-02     1.000000000E-03     3.139544475E-02
      567     1.840166073E-02     1.000000000E-03     6.482166328E-02
      568     1.735007461E-02     1.000000000E-03     6.639996595E-02
      569     1.893631890E-02     1.000000000E-03     6.859651893E-02
      570     1.613324265E-02     1.000000000E-03     6.468079626E-02
      571     1.829729860E-02     1.000000000E-03     6.212989385E-02
      572     1.602955558E-02     1.000000000E-03     6.186202796E-02
      573     1.388450653E-02     1.000000000E-03     6.450038794E-02
      574     1.331121865E-02     1.000000000E-03     6.691860754E-02
      575     1.822387775E-02     1.000000000E-03     7.272237046E-02
      576     2.441885437E-02     1.000000000E-03     3.195960816E-02
      577     2.437677262E-02     1.000000000E-03     2.956163610E-02
      578     2.663941829E-02     1.000000000E-03     3.216563369E-02
      579     2.683140616E-02     1.000000000E-03     2.982117228E-02
      580     2.247089162E-02     1.000000000E-03     2.683252139E-02
      581     2.328280667E-02     1.000000000E-03     2.459127719E-02
      582     2.110551474E-02     1.000000000E-03     2.352216286E-02
      583     1.500579266E-02     1.000000000E-03     2.442513605E-02
      584     1.359457612E-02     1.000000000E-03     2.611815363E-02
      585     1.615288150E-02     1.000000000E-03     3.116146520E-02
      586     1.404721773E-02     1.000000000E-03     3.095790830E-02
      587     1.712667399E-02     1.000000000E-03     3.364174832E-02
      588     1.648877142E-02     1.000000000E-03     3.600002014E-02
      589     1.378081946E-02     1.000000000E-03     6.168161964E-02
      590     1.346863141E-02     1.000000000E-03     5.898238286E-02
      591     1.105019025E-02     1.000000000E-03     6.154796554E-02
      592     9.542426542E-03     1.000000000E-03     6.781343049E-02
      593     1.173520416E-02     1.000000000E-03     7.434593647E-02
      594     1.786931488E-02     1.000000000E-03     7.702454408E-02
      595     2.474824208E-02     1.000000000E-03     7.652281772E-02
      596     2.908818730E-02     1.000000000E-03     7.213764799E-02
      597     2.996529882E-02     1.000000000E-03     6.523585380E-02
      598     2.711776361E-02     1.000000000E-03     5.897761278E-02
      599     2.255306378E-02     1.000000000E-03     3.849224139E-02
      600     2.481078973E-02     1.000000000E-03     3.942803883E-02
      601     2.959048214E-02     1.000000000E-03     3.439313389E-02
      602     3.024256537E-02     1.000000000E-03     2.811728260E-02
      603     2.660598904E-02     1.000000000E-03     2.219713897E-02
      604     2.078059925E-02     1.000000000E-03     1.959215483E-02
      605     1.405166106E-02     1.000000000E-03     2.116155785E-02
      606     1.015011548E-02     1.000000000E-03     2.593122545E-02
      607     1.023085662E-02     1.000000000E-03     3.268677219E-02
      608     1.396080170E-02     1.000000000E-03     3.849668316E-02
      609     2.168850183E-02     1.000000000E-03     4.075219040E-02
      610     1.952662538E-02     1.000000000E-03     5.585330239E-02
      611     1.371516763E-02     1.000000000E-03     5.619486779E-02
      612     1.746103031E-02     1.000000000E-03     5.476057056E-02
      613     1.553019320E-02     2.000000000E-03     5.532649037E-02
      614     1.061643939E-02     1.000000000E-03     5.874174412E-02
      615     1.206298044E-02     2.000000000E-03     5.734320340E-02
      616     8.483914354E-03     1.000000000E-03     6.213895367E-02
      617     9.413023961E-03     2.000000000E-03     6.035425412E-02
      618     7.537173632E-03     1.000000000E-03     6.603669376E-02
      619     7.853183553E-03     2.000000000E-03     6.404960169E-02
      620     7.873700890E-03     1.000000000E-03     7.003362323E-02
      621     7.544072325E-03     2.000000000E-03     6.804874485E-02
      622     9.458844707E-03     1.000000000E-03     7.371818763E-02
      623     8.517518736E-03     2.000000000E-03     7.193990121E-02
      624     1.212938654E-02     1.000000000E-03     7.671099603E-02
      625     1.067328929E-02     2.000000000E-03     7.532240755E-02
      626     1.561034698E-02     1.000000000E-03     7.870388595E-02
      627     1.378940936E-02     2.000000000E-03     7.784797511E-02
      628     1.954329968E-02     1.000000000E-03     7.949165421E-02
      629     1.754501937E-02     2.000000000E-03     7.925655213E-02
      630     2.352327774E-02     1.000000000E-03     7.899318615E-02
      631     2.155341297E-02     2.000000000E-03     7.940310075E-02
      632     2.714047216E-02     1.000000000E-03     7.725980786E-02
      633     2.540185529E-02     2.000000000E-03     7.827253119E-02
      634     3.002242892E-02     1.000000000E-03     7.447000124E-02
      635     2.869408124E-02     2.000000000E-03     7.598125555E-02
      636     3.187239970E-02     1.000000000E-03     7.091102612E-02
      637     3.109109806E-02     2.000000000E-03     7.276520111E-02
      638     3.249989735E-02     1.000000000E-03     6.694934182E-02
      639     3.234609054E-02     2.000000000E-03     6.895551744E-02
      640     3.184030990E-02     1.000000000E-03     6.299287368E-02
      641     3.232983505E-02     2.000000000E-03     6.494447873E-02
      642     2.996155354E-02     1.000000000E-03     5.944900992E-02
      643     3.104400538E-02     2.000000000E-03     6.114509222E-02
      644     2.705707938E-02     1.000000000E-03     5.668265390E-02
      645     2.862100041E-02     2.000000000E-03     5.794857183E-02
      646     2.342595433E-02     1.000000000E-03     5.497865078E-02
      647     2.531031125E-02     2.000000000E-03     5.568405574E-02
      648     2.189855780E-02     1.000000000E-03     4.539460185E-02
      649     2.199760802E-02     1.000000000E-03     4.335235429E-02
      650     2.094557006E-02     1.000000000E-03     4.443850310E-02
      651     2.194808291E-02     2.000000000E-03     4.437347807E-02
      652     2.179950758E-02     1.000000000E-03     4.743684942E-02
      653     2.084750438E-02     1.000000000E-03     4.646045119E-02
      654     2.184903269E-02     2.000000000E-03     4.641572564E-02
      655     2.170045736E-02     1.000000000E-03     4.947909698E-02
      656     2.074943869E-02     1.000000000E-03     4.848239928E-02
      657     2.174998247E-02     2.000000000E-03     4.845797320E-02
      658     2.160140714E-02     1.000000000E-03     5.152134454E-02
      659     2.065137301E-02     1.000000000E-03     5.050434737E-02
      660     2.165093225E-02     2.000000000E-03     5.050022076E-02
      661     2.150235692E-02     1.000000000E-03     5.356359210E-02
      662     2.055330733E-02     1.000000000E-03     5.252629546E-02
      663     2.155188203E-02     2.000000000E-03     5.254246832E-02
      664     2.045524164E-02     1.000000000E-03     5.454824355E-02
      665     2.145283181E-02     2.000000000E-03     5.458471588E-02
      666     2.399815394E-02     1.000000000E-03     4.184129341E-02
      667     2.104363575E-02     1.000000000E-03     4.241655501E-02
      668     2.204713313E-02     2.000000000E-03     4.233123051E-02
      669     2.754080114E-02     1.000000000E-03     3.996221454E-02
      670     2.584532244E-02     2.000000000E-03     4.104474516E-02
      671     3.030611853E-02     1.000000000E-03     3.705802682E-02
      672     2.904068100E-02     2.000000000E-03     3.862173665E-02
      673     3.200949900E-02     1.000000000E-03     3.342762993E-02
      674     3.130434177E-02     2.000000000E-03     3.531158159E-02
      675     3.247563023E-02     1.000000000E-03     2.944466517E-02
      676     3.240332825E-02     2.000000000E-03     3.145496192E-02
      677     3.165653789E-02     1.000000000E-03     2.551906021E-02
      678     3.222453249E-02     2.000000000E-03     2.744880183E-02
      679     2.963652315E-02     1.000000000E-03     2.205483923E-02
      680     3.078635620E-02     2.000000000E-03     2.370541626E-02
      681     2.662348640E-02     1.000000000E-03     1.940854065E-02
      682     2.823681681E-02     2.000000000E-03     2.061007532E-02
      683     2.292753009E-02     1.000000000E-03     1.785252216E-02
      684     2.483831352E-02     2.000000000E-03     1.848135224E-02
      685     1.892904291E-02     1.000000000E-03     1.754692954E-02
      686     2.094062108E-02     2.000000000E-03     1.753833569E-02
      687     1.503955009E-02     1.000000000E-03     1.852321445E-02
      688     1.694489090E-02     2.000000000E-03     1.787808115E-02
      689     1.165935916E-02     1.000000000E-03     2.068089742E-02
      690     1.326236449E-02     2.000000000E-03     1.946562195E-02
      691     9.136360137E-03     1.000000000E-03     2.379790922E-02
      692     1.027204830E-02     2.000000000E-03     2.213756800E-02
      693     7.730220688E-03     1.000000000E-03     2.755344625E-02
      694     8.281706400E-03     2.000000000E-03     2.561892200E-02
      695     7.585661009E-03     1.000000000E-03     3.156098778E-02
      696     7.496185228E-03     2.000000000E-03     2.955138218E-02
      697     8.717559217E-03     1.000000000E-03     3.540807668E-02
      698     7.996330811E-03     2.000000000E-03     3.353021882E-02
      699     1.100942008E-02     1.000000000E-03     3.869876967E-02
      700     9.730668048E-03     2.000000000E-03     3.714592911E-02
      701     1.422536475E-02     1.000000000E-03     4.109438786E-02
      702     1.252069855E-02     2.000000000E-03     4.002638332E-02
      703     1.803440744E-02     1.000000000E-03     4.234837365E-02
      704     1.607927171E-02     2.000000000E-03     4.187512440E-02
      705     1.999159779E-02     1.000000000E-03     4.350270382E-02
      706     2.004013836E-02     2.000000000E-03     4.250187951E-02
      707     1.989451664E-02     1.000000000E-03     4.550435244E-02
      708     1.994305721E-02     2.000000000E-03     4.450352813E-02
      709     1.979743549E-02     1.000000000E-03     4.750600106E-02
      710     1.984597607E-02     2.000000000E-03     4.650517675E-02
      711     1.970035434E-02     1.000000000E-03     4.950764968E-02
      712     1.974889492E-02     2.000000000E-03     4.850682537E-02
      713     1.960327320E-02     1.000000000E-03     5.150929829E-02
      714     1.965181377E-02     2.000000000E-03     5.050847398E-02
      715     1.950619205E-02     1.000000000E-03     5.351094691E-02
      716     1.955473262E-02     2.000000000E-03     5.251012260E-02
      717     1.945765148E-02     2.000000000E-03     5.451177122E-02
      718     1.960327320E-02     3.000000000E-03     5.150929829E-02
      719     1.950619205E-02     3.000000000E-03     5.351094691E-02
      720     2.055330733E-02     3.000000000E-03     5.252629546E-02
      721     1.970035434E-02     3.000000000E-03     4.950764968E-02
      722     2.065137301E-02     3.000000000E-03     5.050434737E-02
      723     1.979743549E-02     3.000000000E-03     4.750600106E-02
      724     2.074943869E-02     3.000000000E-03     4.848239928E-02
      725     1.989451664E-02     3.000000000E-03     4.550435244E-02
      726     2.084750438E-02     3.000000000E-03     4.646045119E-02
      727     1.999159779E-02     3.000000000E-03     4.350270382E-02
      728     2.094557006E-02     3.000000000E-03     4.443850310E-02
      729     2.045524164E-02     3.000000000E-03     5.454824355E-02
      730     1.746103031E-02     3.000000000E-03     5.476057056E-02
      731     2.104363575E-02     3.000000000E-03     4.241655501E-02
      732     1.803440744E-02     3.000000000E-03     4.234837365E-02
      733     2.399815394E-02     3.000000000E-03     4.184129341E-02
      734     2.754080114E-02     3.000000000E-03     3.996221454E-02
      735     2.199760802E-02     3.000000000E-03     4.335235429E-02
      736     3.030611853E-02     3.000000000E-03     3.705802682E-02
      737     3.200949900E-02     3.000000000E-03     3.342762993E-02
      738     3.247563023E-02     3.000000000E-03     2.944466517E-02
      739     3.165653789E-02     3.000000000E-03     2.551906021E-02
      740     2.963652315E-02     3.000000000E-03     2.205483923E-02
      741     2.662348640E-02     3.000000000E-03     1.940854065E-02
      742     2.292753009E-02     3.000000000E-03     1.785252216E-02
      743     1.892904291E-02     3.000000000E-03     1.754692954E-02
      744     1.503955009E-02     3.000000000E-03     1.852321445E-02
      745     1.165935916E-02     3.000000000E-03     2.068089742E-02
      746     9.136360137E-03     3.000000000E-03     2.379790922E-02
      747     7.730220688E-03     3.000000000E-03     2.755344625E-02
      748     7.585661009E-03     3.000000000E-03     3.156098778E-02
      749     8.717559217E-03     3.000000000E-03     3.540807668E-02
      750     1.100942008E-02     3.000000000E-03     3.869876967E-02
      751     1.422536475E-02     3.000000000E-03     4.109438786E-02
      752     2.160140714E-02     3.000000000E-03     5.152134454E-02
      753     2.150235692E-02     3.000000000E-03     5.356359210E-02
      754     2.170045736E-02     3.000000000E-03     4.947909698E-02
      755     2.179950758E-02     3.000000000E-03     4.743684942E-02
      756     2.189855780E-02     3.000000000E-03     4.539460185E-02
      757     2.342595433E-02     3.000000000E-03     5.497865078E-02
      758     1.371516763E-02     3.000000000E-03     5.619486779E-02
      759     1.061643939E-02     3.000000000E-03     5.874174412E-02
      760     8.483914354E-03     3.000000000E-03     6.213895367E-02
      761     7.537173632E-03     3.000000000E-03     6.603669376E-02
      762     7.873700890E-03     3.000000000E-03     7.003362323E-02
      763     9.458844707E-03     3.000000000E-03     7.371818763E-02
      764     1.212938654E-02     3.000000000E-03     7.671099603E-02
      765     1.561034698E-02     3.000000000E-03     7.870388595E-02
      766     1.954329968E-02     3.000000000E-03     7.949165421E-02
      767     2.352327774E-02     3.000000000E-03     7.899318615E-02
      768     2.714047216E-02     3.000000000E-03     7.725980786E-02
      769     3.002242892E-02     3.000000000E-03     7.447000124E-02
      770     3.187239970E-02     3.000000000E-03     7.091102612E-02
      771     3.249989735E-02     3.000000000E-03     6.694934182E-02
      772     3.184030990E-02     3.000000000E-03     6.299287368E-02
      773     2.996155354E-02     3.000000000E-03     5.944900992E-02
      774     2.705707938E-02     3.000000000E-03     5.668265390E-02
      775     3.500000000E-02     0.000000000E+00     5.263157895E-03
      776     3.500000000E-02     0.000000000E+00     1.052631579E-02
      777     3.500000000E-02     0.000000000E+00     1.578947368E-02
      778     3.500000000E-02     0.000000000E+00     2.105263158E-02
      779     3.500000000E-02     0.000000000E+00     2.631578947E-02
      780     3.500000000E-02     0.000000000E+00     3.157894737E-02
      781     3.500000000E-02     0.000000000E+00     3.684210526E-02
      782     3.500000000E-02     0.000000000E+00     4.210526316E-02
      783     3.500000000E-02     0.000000000E+00     4.736842105E-02
      784     3.500000000E-02     0.000000000E+00     5.263157895E-02
      785     3.500000000E-02     0.000000000E+00     5.789473684E-02
      786     3.500000000E-02     0.000000000E+00     6.315789474E-02
      787     3.500000000E-02     0.000000000E+00     6.842105263E-02
      788     3.500000000E-02     0.000000000E+00     7.368421053E-02
      789     3.500000000E-02     0.000000000E+00     7.894736842E-02
      790     3.500000000E-02     0.000000000E+00     8.421052632E-02
      791     3.500000000E-02     0.000000000E+00     8.947368421E-02
      792     3.500000000E-02     0.000000000E+00     9.473684211E-02
      793     3.000000000E-02     0.000000000E+00     5.263157895E-03
      794     3.000000000E-02     0.000000000E+00     1.052631579E-02
      795     3.000000000E-02     0.000000000E+00     1.578947368E-02
      796     3.000000000E-02     0.000000000E+00     2.105263158E-02
      797     3.000000000E-02     0.000000000E+00     2.631578947E-02
      798     3.000000000E-02     0.000000000E+00     3.157894737E-02
      799     3.000000000E-02     0.000000000E+00     3.684210526E-02
      800     3.000000000E-02     0.000000000E+00     4.210526316E-02
      801     3.000000000E-02     0.000000000E+00     4.736842105E-02
      802     3.000000000E-02     0.000000000E+00     5.263157895E-02
      803     3.000000000E-02     0.000000000E+00     5.789473684E-02
      804     3.000000000E-02     0.000000000E+00     6.315789474E-02
      805     3.000000000E-02     0.000000000E+00     6.842105263E-02
      806     3.000000000E-02     0.000000000E+00     7.368421053E-02
      807     3.000000000E-02     0.000000000E+00     7.894736842E-02
      808     3.000000000E-02     0.000000000E+00     8.421052632E-02
      809     3.000000000E-02     0.000000000E+00     8.947368421E-02
      810     3.000000000E-02     0.000000000E+00     9.473684211E-02
      811     2.500000000E-02     0.000000000E+00     5.263157895E-03
      812     2.500000000E-02     0.000000000E+00     1.052631579E-02
      813     2.500000000E-02     0.000000000E+00     1.578947368E-02
      814     2.500000000E-02     0.000000000E+00     2.105263158E-02
      815     2.500000000E-02     0.000000000E+00     2.631578947E-02
      816     2.500000000E-02     0.000000000E+00     3.157894737E-02
      817     2.500000000E-02     0.000000000E+00     3.684210526E-02
      818     2.500000000E-02     0.000000000E+00     4.210526316E-02
      819     2.500000000E-02     0.000000000E+00     4.736842105E-02
      820     2.500000000E-02     0.000000000E+00     5.263157895E-02
      821     2.500000000E-02     0.000000000E+00     5.789473684E-02
      822     2.500000000E-02     0.000000000E+00     6.315789474E-02
      823     2.500000000E-02     0.000000000E+00     6.842105263E-02
      824     2.500000000E-02     0.000000000E+00     7.368421053E-02
      825     2.500000000E-02     0.000000000E+00     7.894736842E-02
      826     2.500000000E-02     0.000000000E+00     8.421052632E-02
      827     2.500000000E-02     0.000000000E+00     8.947368421E-02
      828     2.500000000E-02     0.000000000E+00     9.473684211E-02
      829     2.000000000E-02     0.000000000E+00     5.263157895E-03
      830     2.000000000E-02     0.000000000E+00     1.052631579E-02
      831     2.000000000E-02     0.000000000E+00     1.578947368E-02
      832     2.000000000E-02     0.000000000E+00     2.105263158E-02
      833     2.000000000E-02     0.000000000E+00     2.631578947E-02
      834     2.000000000E-02     0.000000000E+00     3.157894737E-02
      835     2.000000000E-02     0.000000000E+00     3.684210526E-02
      836     2.000000000E-02     0.000000000E+00     4.210526316E-02
      837     2.000000000E-02     0.000000000E+00     4.736842105E-02
      838     2.000000000E-02     0.000000000E+00     5.263157895E-02
      839     2.000000000E-02     0.000000000E+00     5.789473684E-02
      840     2.000000000E-02     0.000000000E+00     6.315789474E-02
      841     2.000000000E-02     0.000000000E+00     6.842105263E-02
      842     2.000000000E-02     0.000000000E+00     7.368421053E-02
      843     2.000000000E-02     0.000000000E+00     7.894736842E-02
      844     2.000000000E-02     0.000000000E+00     8.421052632E-02
      845     2.000000000E-02     0.000000000E+00     8.947368421E-02
      846     2.000000000E-02     0.000000000E+00     9.473684211E-02
      847     1.500000000E-02     0.000000000E+00     5.263157895E-03
      848     1.500000000E-02     0.000000000E+00     1.052631579E-02
      849     1.500000000E-02     0.000000000E+00     1.578947368E-02
      850     1.500000000E-02     0.000000000E+00     2.105263158E-02
      851     1.500000000E-02     0.000000000E+00     2.631578947E-02
      852     1.500000000E-02     0.000000000E+00     3.157894737E-02
      853     1.500000000E-02     0.000000000E+00     3.684210526E-02
      854     1.500000000E-02     0.000000000E+00     4.210526316E-02
      855     1.500000000E-02     0.000000000E+00     4.736842105E-02
      856     1.500000000E-02     0.000000000E+00     5.263157895E-02
      857     1.500000000E-02     0.000000000E+00     5.789473684E-02
      858     1.500000000E-02     0.000000000E+00     6.315789474E-02
      859     1.500000000E-02     0.000000000E+00     6.842105263E-02
      860     1.500000000E-02     0.000000000E+00     7.368421053E-02
      861     1.500000000E-02     0.000000000E+00     7.894736842E-02
      862     1.500000000E-02     0.000000000E+00     8.421052632E-02
      863     1.500000000E-02     0.000000000E+00     8.947368421E-02
      864     1.500000000E-02     0.000000000E+00     9.473684211E-02
      865     1.000000000E-02     0.000000000E+00     5.263157895E-03
      866     1.000000000E-02     0.000000000E+00     1.052631579E-02
      867     1.000000000E-02     0.000000000E+00     1.578947368E-02
      868     1.000000000E-02     0.000000000E+00     2.105263158E-02
      869     1.000000000E-02     0.000000000E+00     2.631578947E-02
      870     1.000000000E-02     0.000000000E+00     3.157894737E-02
      871     1.000000000E-02     0.000000000E+00     3.684210526E-02
      872     1.000000000E-02     0.000000000E+00     4.210526316E-02
      873     1.000000000E-02     0.000000000E+00     4.736842105E-02
      874     1.000000000E-02     0.000000000E+00     5.263157895E-02
      875     1.000000000E-02     0.000000000E+00     5.789473684E-02
      876     1.000000000E-02     0.000000000E+00     6.315789474E-02
      877     1.000000000E-02     0.000000000E+00     6.842105263E-02
      878     1.000000000E-02     0.000000000E+00     7.368421053E-02
      879     1.000000000E-02     0.000000000E+00     7.894736842E-02
      880     1.000000000E-02     0.000000000E+00     8.421052632E-02
      881     1.000000000E-02     0.000000000E+00     8.947368421E-02
      882     1.000000000E-02     0.000000000E+00     9.473684211E-02
      883     5.000000000E-03     0.000000000E+00     5.263157895E-03
      884     5.000000000E-03     0.000000000E+00     1.052631579E-02
      885     5.000000000E-03     0.000000000E+00     1.578947368E-02
      886     5.000000000E-03     0.000000000E+00     2.105263158E-02
      887     5.000000000E-03     0.000000000E+00     2.631578947E-02
      888     5.000000000E-03     0.000000000E+00     3.157894737E-02
      889     5.000000000E-03     0.000000000E+00     3.684210526E-02
      890     5.000000000E-03     0.000000000E+00     4.210526316E-02
      891     5.000000000E-03     0.000000000E+00     4.736842105E-02
      892     5.000000000E-03     0.000000000E+00     5.263157895E-02
      893     5.000000000E-03     0.000000000E+00     5.789473684E-02
      894     5.000000000E-03     0.000000000E+00     6.315789474E-02
      895     5.000000000E-03     0.000000000E+00     6.842105263E-02
      896     5.000000000E-03     0.000000000E+00     7.368421053E-02
      897     5.000000000E-03     0.000000000E+00     7.894736842E-02
      898     5.000000000E-03     0.000000000E+00     8.421052632E-02
      899     5.000000000E-03     0.000000000E+00     8.947368421E-02
      900     5.000000000E-03     0.000000000E+00     9.473684211E-02
      901     5.000000000E-03     1.000000000E-03     9.473684211E-02
      902     5.000000000E-03     1.000000000E-03     8.947368421E-02
      903     5.000000000E-03     1.000000000E-03     8.421052632E-02
      904     5.000000000E-03     1.000000000E-03     7.894736842E-02
      905     5.000000000E-03     1.000000000E-03     7.368421053E-02
      906     5.000000000E-03     1.000000000E-03     6.842105263E-02
      907     5.000000000E-03     1.000000000E-03     6.315789474E-02
      908     5.000000000E-03     1.000000000E-03     5.789473684E-02
      909     5.000000000E-03     1.000000000E-03     5.263157895E-02
      910     5.000000000E-03     1.000000000E-03     4.736842105E-02
      911     5.000000000E-03     1.000000000E-03     4.210526316E-02
      912     5.000000000E-03     1.000000000E-03     3.684210526E-02
      913     5.000000000E-03     1.000000000E-03     3.157894737E-02
      914     5.000000000E-03     1.000000000E-03     2.631578947E-02
      915     5.000000000E-03     1.000000000E-03     2.105263158E-02
      916     5.000000000E-03     1.000000000E-03     1.578947368E-02
      917     5.000000000E-03     1.000000000E-03     1.052631579E-02
      918     5.000000000E-03     1.000000000E-03     5.263157895E-03
      919     1.000000000E-02     1.000000000E-03     9.473684211E-02
      920     1.000000000E-02     1.000000000E-03     8.947368421E-02
      921     1.000000000E-02     1.000000000E-03     8.421052632E-02
      922     1.000000000E-02     1.000000000E-03     7.894736842E-02
      923     1.000000000E-02     1.000000000E-03     7.368421053E-02
      924     1.000000000E-02     1.000000000E-03     6.842105263E-02
      925     1.000000000E-02     1.000000000E-03     6.315789474E-02
      926     1.000000000E-02     1.000000000E-03     5.789473684E-02
      927     1.000000000E-02     1.000000000E-03     5.263157895E-02
      928     1.000000000E-02     1.000000000E-03     4.736842105E-02
      929     1.000000000E-02     1.000000000E-03     4.210526316E-02
      930     1.000000000E-02     1.000000000E-03     3.684210526E-02
      931     1.000000000E-02     1.000000000E-03     3.157894737E-02
      932     1.000000000E-02     1.000000000E-03     2.631578947E-02
      933     1.000000000E-02     1.000000000E-03     2.105263158E-02
      934     1.000000000E-02     1.000000000E-03     1.578947368E-02
      935     1.000000000E-02     1.000000000E-03     1.052631579E-02
      936     1.000000000E-02     1.000000000E-03     5.263157895E-03
      937     1.500000000E-02     1.000000000E-03     9.473684211E-02
      938     1.500000000E-02     1.000000000E-03     8.947368421E-02
      939     1.500000000E-02     1.000000000E-03     8.421052632E-02
      940     1.500000000E-02     1.000000000E-03     7.894736842E-02
      941     1.500000000E-02     1.000000000E-03     7.368421053E-02
      942     1.500000000E-02     1.000000000E-03     6.842105263E-02
      943     1.500000000E-02     1.000000000E-03     6.315789474E-02
      944     1.500000000E-02     1.000000000E-03     5.789473684E-02
      945     1.500000000E-02     1.000000000E-03     5.263157895E-02
      946     1.500000000E-02     1.000000000E-03     4.736842105E-02
      947     1.500000000E-02     1.000000000E-03     4.210526316E-02
      948     1.500000000E-02     1.000000000E-03     3.684210526E-02
      949     1.500000000E-02     1.000000000E-03     3.157894737E-02
      950     1.500000000E-02     1.000000000E-03     2.631578947E-02
      951     1.500000000E-02     1.000000000E-03     2.105263158E-02
      952     1.500000000E-02     1.000000000E-03     1.578947368E-02
      953     1.500000000E-02     1.000000000E-03     1.052631579E-02
      954     1.500000000E-02     1.000000000E-03     5.263157895E-03
      955     2.000000000E-02     1.000000000E-03     9.473684211E-02
      956     2.000000000E-02     1.000000000E-03     8.947368421E-02
      957     2.000000000E-02     1.000000000E-03     8.421052632E-02
      958     2.000000000E-02     1.000000000E-03     7.894736842E-02
      959     2.000000000E-02     1.000000000E-03     7.368421053E-02
      960     2.000000000E-02     1.000000000E-03     6.842105263E-02
      961     2.000000000E-02     1.000000000E-03     6.315789474E-02
      962     2.000000000E-02     1.000000000E-03     5.789473684E-02
      963     2.000000000E-02     1.000000000E-03     5.263157895E-02
      964     2.000000000E-02     1.000000000E-03     4.736842105E-02
      965     2.000000000E-02     1.000000000E-03     4.210526316E-02
      966     2.000000000E-02     1.000000000E-03     3.684210526E-02
      967     2.000000000E-02     1.000000000E-03     3.157894737E-02
      968     2.000000000E-02     1.000000000E-03     2.631578947E-02
      969     2.000000000E-02     1.000000000E-03     2.105263158E-02
      970     2.000000000E-02     1.000000000E-03     1.578947368E-02
      971     2.000000000E-02     1.000000000E-03     1.052631579E-02
      972     2.000000000E-02     1.000000000E-03     5.263157895E-03
      973     2.500000000E-02     1.000000000E-03     9.473684211E-02
      974     2.500000000E-02     1.000000000E-03     8.947368421E-02
      975     2.500000000E-02     1.000000000E-03     8.421052632E-02
      976     2.500000000E-02     1.000000000E-03     7.894736842E-02
      977     2.500000000E-02     1.000000000E-03     7.368421053E-02
      978     2.500000000E-02     1.000000000E-03     6.842105263E-02
      979     2.500000000E-02     1.000000000E-03     6.315789474E-02
      980     2.500000000E-02     1.000000000E-03     5.789473684E-02
      981     2.500000000E-02     1.000000000E-03     5.263157895E-02
      982     2.500000000E-02     1.000000000E-03     4.736842105E-02
      983     2.500000000E-02     1.000000000E-03     4.210526316E-02
      984     2.500000000E-02     1.000000000E-03     3.684210526E-02
      985     2.500000000E-02     1.000000000E-03     3.157894737E-02
      986     2.500000000E-02     1.000000000E-03     2.631578947E-02
      987     2.500000000E-02     1.000000000E-03     2.105263158E-02
      988     2.500000000E-02     1.000000000E-03     1.578947368E-02
      989     2.500000000E-02     1.000000000E-03     1.052631579E-02
      990     2.500000000E-02     1.000000000E-03     5.263157895E-03
      991     3.000000000E-02     1.000000000E-03     9.473684211E-02
      992     3.000000000E-02     1.000000000E-03     8.947368421E-02
      993     3.000000000E-02     1.000000000E-03     8.421052632E-02
      994     3.000000000E-02     1.000000000E-03     7.894736842E-02
      995     3.000000000E-02     1.000000000E-03     7.368421053E-02
      996     3.000000000E-02     1.000000000E-03     6.842105263E-02
      997     3.000000000E-02     1.000000000E-03     6.315789474E-02
      998     3.000000000E-02     1.000000000E-03     5.789473684E-02
      999     3.000000000E-02     1.000000000E-03     5.263157895E-02
     1000     3.000000000E-02     1.000000000E-03     4.736842105E-02
     1001     3.000000000E-02     1.000000000E-03     4.210526316E-02
     1002     3.000000000E-02     1.000000000E-03     3.684210526E-02
     1003     3.000000000E-02     1.000000000E-03     3.157894737E-02
     1004     3.000000000E-02     1.000000000E-03     2.631578947E-02
     1005     3.000000000E-02     1.000000000E-03     2.105263158E-02
     1006     3.000000000E-02     1.000000000E-03     1.578947368E-02
     1007     3.000000000E-02     1.000000000E-03     1.052631579E-02
     1008     3.000000000E-02     1.000000000E-03     5.263157895E-03
     1009     3.500000000E-02     1.000000000E-03     9.473684211E-02
     1010     3.500000000E-02     1.000000000E-03     8.947368421E-02
     1011     3.500000000E-02     1.000000000E-03     8.421052632E-02
     1012     3.500000000E-02     1.000000000E-03     7.894736842E-02
     1013     3.500000000E-02     1.000000000E-03     7.368421053E-02
     1014     3.500000000E-02     1.000000000E-03     6.842105263E-02
     1015     3.500000000E-02     1.000000000E-03     6.315789474E-02
     1016     3.500000000E-02     1.000000000E-03     5.789473684E-02
     1017     3.500000000E-02     1.000000000E-03     5.263157895E-02
     1018     3.500000000E-02     1.000000000E-03     4.736842105E-02
     1019     3.500000000E-02     1.000000000E-03     4.210526316E-02
     1020     3.500000000E-02     1.000000000E-03     3.684210526E-02
     1021     3.500000000E-02     1.000000000E-03     3.157894737E-02
     1022     3.500000000E-02     1.000000000E-03     2.631578947E-02
     1023     3.500000000E-02     1.000000000E-03     2.105263158E-02
     1024     3.500000000E-02     1.000000000E-03     1.578947368E-02
     1025     3.500000000E-02     1.000000000E-03     1.052631579E-02
     1026     3.500000000E-02     1.000000000E-03     5.263157895E-03
     1027     4.000000000E-02     1.000000000E-03     5.263157895E-03
     1028     4.000000000E-02     1.000000000E-03     1.052631579E-02
     1029     4.000000000E-02     1.000000000E-03     1.578947368E-02
     1030     4.000000000E-02     1.000000000E-03     2.105263158E-02
     1031     4.000000000E-02     1.000000000E-03     2.631578947E-02
     1032     4.000000000E-02     1.000000000E-03     3.157894737E-02
     1033     4.000000000E-02     1.000000000E-03     3.684210526E-02
     1034     4.000000000E-02     1.000000000E-03     4.210526316E-02
     1035     4.000000000E-02     1.000000000E-03     4.736842105E-02
     1036     4.000000000E-02     1.000000000E-03     5.263157895E-02
     1037     4.000000000E-02     1.000000000E-03     5.789473684E-02
     1038     4.000000000E-02     1.000000000E-03     6.315789474E-02
     1039     4.000000000E-02     1.000000000E-03     6.842105263E-02
     1040     4.000000000E-02     1.000000000E-03     7.368421053E-02
     1041     4.000000000E-02     1.000000000E-03     7.894736842E-02
     1042     4.000000000E-02     1.000000000E-03     8.421052632E-02
     1043     4.000000000E-02     1.000000000E-03     8.947368421E-02
     1044     4.000000000E-02     1.000000000E-03     9.473684211E-02
     1045     4.000000000E-02     1.000000000E-03     1.000000000E-01
     1046     3.500000000E-02     1.000000000E-03     1.000000000E-01
     1047     3.000000000E-02     1.000000000E-03     1.000000000E-01
     1048     2.500000000E-02     1.000000000E-03     1.000000000E-01
     1049     2.000000000E-02     1.000000000E-03     1.000000000E-01
     1050     1.500000000E-02     1.000000000E-03     1.000000000E-01
     1051     1.000000000E-02     1.000000000E-03     1.000000000E-01
     1052     5.000000000E-03     1.000000000E-03     1.000000000E-01
     1053     0.000000000E+00     1.000000000E-03     1.000000000E-01
     1054     0.000000000E+00     1.000000000E-03     9.473684211E-02
     1055     0.000000000E+00     1.000000000E-03     8.947368421E-02
     1056     0.000000000E+00     1.000000000E-03     8.421052632E-02
     1057     0.000000000E+00     1.000000000E-03     7.894736842E-02
     1058     0.000000000E+00     1.000000000E-03     7.368421053E-02
     1059     0.000000000E+00     1.000000000E-03     6.842105263E-02
     1060     0.000000000E+00     1.000000000E-03     6.315789474E-02
     1061     0.000000000E+00     1.000000000E-03     5.789473684E-02
     1062     0.000000000E+00     1.000000000E-03     5.263157895E-02
     1063     0.000000000E+00     1.000000000E-03     4.736842105E-02
     1064     0.000000000E+00     1.000000000E-03     4.210526316E-02
     1065     0.000000000E+00     1.000000000E-03     3.684210526E-02
     1066     0.000000000E+00     1.000000000E-03     3.157894737E-02
     1067     0.000000000E+00     1.000000000E-03     2.631578947E-02
     1068     0.000000000E+00     1.000000000E-03     2.105263158E-02
     1069     0.000000000E+00     1.000000000E-03     1.578947368E-02
     1070     0.000000000E+00     1.000000000E-03     1.052631579E-02
     1071     0.000000000E+00     1.000000000E-03     5.263157895E-03
     1072     0.000000000E+00     1.000000000E-03     0.000000000E+00
     1073     5.000000000E-03     1.000000000E-03     0.000000000E+00
     1074     1.000000000E-02     1.000000000E-03     0.000000000E+00
     1075     1.500000000E-02     1.000000000E-03     0.000000000E+00
     1076     2.000000000E-02     1.000000000E-03     0.000000000E+00
     1077     2.500000000E-02     1.000000000E-03     0.000000000E+00
     1078     3.000000000E-02     1.000000000E-03     0.000000000E+00
     1079     3.500000000E-02     1.000000000E-03     0.000000000E+00
     1080     4.000000000E-02     1.000000000E-03     0.000000000E+00
     1081     3.500000000E-02     0.000000000E+00     0.000000000E+00
     1082     3.000000000E-02     0.000000000E+00     0.000000000E+00
     1083     2.500000000E-02     0.000000000E+00     0.000000000E+00
     1084     2.000000000E-02     0.000000000E+00     0.000000000E+00
     1085     1.500000000E-02     0.000000000E+00     0.000000000E+00
     1086     1.000000000E-02     0.000000000E+00     0.000000000E+00
     1087     5.000000000E-03     0.000000000E+00     0.000000000E+00
     1088     4.000000000E-02     0.000000000E+00     0.000000000E+00
     1089     0.000000000E+00     0.000000000E+00     0.000000000E+00
     1090     0.000000000E+00     0.000000000E+00     5.263157895E-03
     1091     0.000000000E+00     0.000000000E+00     1.052631579E-02
     1092     0.000000000E+00     0.000000000E+00     1.578947368E-02
     1093     0.000000000E+00     0.000000000E+00     2.105263158E-02
     1094     0.000000000E+00     0.000000000E+00     2.631578947E-02
     1095     0.000000000E+00     0.000000000E+00     3.157894737E-02
     1096     0.000000000E+00     0.000000000E+00     3.684210526E-02
     1097     0.000000000E+00     0.000000000E+00     4.210526316E-02
     1098     0.000000000E+00     0.000000000E+00     4.736842105E-02
     1099     0.000000000E+00     0.000000000E+00     5.263157895E-02
     1100     0.000000000E+00     0.000000000E+00     5.789473684E-02
     1101     0.000000000E+00     0.000000000E+00     6.315789474E-02
     1102     0.000000000E+00     0.000000000E+00     6.842105263E-02
     1103     0.000000000E+00     0.000000000E+00     7.368421053E-02
     1104     0.000000000E+00     0.000000000E+00     7.894736842E-02
     1105     0.000000000E+00     0.000000000E+00     8.421052632E-02
     1106     0.000000000E+00     0.000000000E+00     8.947368421E-02
     1107     0.000000000E+00     0.000000000E+00     9.473684211E-02
     1108     0.000000000E+00     0.000000000E+00     1.000000000E-01
     1109     5.000000000E-03     0.000000000E+00     1.000000000E-01
     1110     1.000000000E-02     0.000000000E+00     1.000000000E-01
     1111     1.500000000E-02     0.000000000E+00     1.000000000E-01
     1112     2.000000000E-02     0.000000000E+00     1.000000000E-01
     1113     2.500000000E-02     0.000000000E+00     1.000000000E-01
     1114     3.000000000E-02     0.000000000E+00     1.000000000E-01
     1115     3.500000000E-02     0.000000000E+00     1.000000000E-01
     1116     4.000000000E-02     0.000000000E+00     1.000000000E-01
     1117     4.000000000E-02     0.000000000E+00     9.473684211E-02
     1118     4.000000000E-02     0.000000000E+00     8.947368421E-02
     1119     4.000000000E-02     0.000000000E+00     8.421052632E-02
     1120     4.000000000E-02     0.000000000E+00     7.894736842E-02
     1121     4.000000000E-02     0.000000000E+00     7.368421053E-02
     1122     4.000000000E-02     0.000000000E+00     6.842105263E-02
     1123     4.000000000E-02     0.000000000E+00     6.315789474E-02
     1124     4.000000000E-02     0.000000000E+00     5.789473684E-02
     1125     4.000000000E-02     0.000000000E+00     5.263157895E-02
     1126     4.000000000E-02     0.000000000E+00     4.736842105E-02
     1127     4.000000000E-02     0.000000000E+00     4.210526316E-02
     1128     4.000000000E-02     0.000000000E+00     3.684210526E-02
     1129     4.000000000E-02     0.000000000E+00     3.157894737E-02
     1130     4.000000000E-02     0.000000000E+00     2.631578947E-02
     1131     4.000000000E-02     0.000000000E+00     2.105263158E-02
     1132     4.000000000E-02     0.000000000E+00     1.578947368E-02
     1133     4.000000000E-02     0.000000000E+00     1.052631579E-02
     1134     4.000000000E-02     0.000000000E+00     5.263157895E-03
     1135     3.500000000E-02     0.000000000E+00     7.894736842E-03
     1136     3.250000000E-02     0.000000000E+00     5.263157895E-03
     1137     3.500000000E-02     5.000000000E-04     5.263157895E-03
     1138     3.500000000E-02     0.000000000E+00     2.631578947E-03
     1139     3.750000000E-02     0.000000000E+00     5.263157895E-03
     1140     3.500000000E-02     0.000000000E+00     1.315789474E-02
     1141     3.250000000E-02     0.000000000E+00     1.052631579E-02
     1142     3.500000000E-02     5.000000000E-04     1.052631579E-02
     1143     3.750000000E-02     0.000000000E+00     1.052631579E-02
     1144     3.500000000E-02     0.000000000E+00     1.842105263E-02
     1145     3.250000000E-02     0.000000000E+00     1.578947368E-02
     1146     3.500000000E-02     5.000000000E-04     1.578947368E-02
     1147     3.750000000E-02     0.000000000E+00     1.578947368E-02
     1148     3.500000000E-02     0.000000000E+00     2.368421053E-02
     1149     3.250000000E-02     0.000000000E+00     2.105263158E-02
     1150     3.500000000E-02     5.000000000E-04     2.105263158E-02
     1151     3.750000000E-02     0.000000000E+00     2.105263158E-02
     1152     3.500000000E-02     0.000000000E+00     2.894736842E-02
     1153     3.250000000E-02     0.000000000E+00     2.631578947E-02
     1154     3.500000000E-02     5.000000000E-04     2.631578947E-02
     1155     3.750000000E-02     0.000000000E+00     2.631578947E-02
     1156     3.500000000E-02     0.000000000E+00     3.421052632E-02
     1157     3.250000000E-02     0.000000000E+00     3.157894737E-02
     1158     3.500000000E-02     5.000000000E-04     3.157894737E-02
     1159     3.750000000E-02     0.000000000E+00     3.157894737E-02
     1160     3.500000000E-02     0.000000000E+00     3.947368421E-02
     1161     3.250000000E-02     0.000000000E+00     3.684210526E-02
     1162     3.500000000E-02     5.000000000E-04     3.684210526E-02
     1163     3.750000000E-02     0.000000000E+00     3.684210526E-02
     1164     3.500000000E-02     0.000000000E+00     4.473684211E-02
     1165     3.250000000E-02     0.000000000E+00     4.210526316E-02
     1166     3.500000000E-02     5.000000000E-04     4.210526316E-02
     1167     3.750000000E-02     0.000000000E+00     4.210526316E-02
     1168     3.500000000E-02     0.000000000E+00     5.000000000E-02
     1169     3.250000000E-02     0.000000000E+00     4.736842105E-02
     1170     3.500000000E-02     5.000000000E-04     4.736842105E-02
     1171     3.750000000E-02     0.000000000E+00     4.736842105E-02
     1172     3.500000000E-02     0.000000000E+00     5.526315789E-02
     1173     3.250000000E-02     0.000000000E+00     5.263157895E-02
     1174     3.500000000E-02     5.000000000E-04     5.263157895E-02
     1175     3.750000000E-02     0.000000000E+00     5.263157895E-02
     1176     3.500000000E-02     0.000000000E+00     6.052631579E-02
     1177     3.250000000E-02     0.000000000E+00     5.789473684E-02
     1178     3.500000000E-02     5.000000000E-04     5.789473684E-02
     1179     3.750000000E-02     0.000000000E+00     5.789473684E-02
     1180     3.500000000E-02     0.000000000E+00     6.578947368E-02
     1181     3.250000000E-02     0.000000000E+00     6.315789474E-02
     1182     3.500000000E-02     5.000000000E-04     6.315789474E-02
     1183     3.750000000E-02     0.000000000E+00     6.315789474E-02
     1184     3.500000000E-02     0.000000000E+00     7.105263158E-02
     1185     3.250000000E-02     0.000000000E+00     6.842105263E-02
     1186     3.500000000E-02     5.000000000E-04     6.842105263E-02
     1187     3.750000000E-02     0.000000000E+00     6.842105263E-02
     1188     3.500000000E-02     0.000000000E+00     7.631578947E-02
     1189     3.250000000E-02     0.000000000E+00     7.368421053E-02
     1190     3.500000000E-02     5.000000000E-04     7.368421053E-02
     1191     3.750000000E-02     0.000000000E+00     7.368421053E-02
     1192     3.500000000E-02     0.000000000E+00     8.157894737E-02
     1193     3.250000000E-02     0.000000000E+00     7.894736842E-02
     1194     3.500000000E-02     5.000000000E-04     7.894736842E-02
     1195     3.750000000E-02     0.000000000E+00     7.894736842E-02
     1196     3.500000000E-02     0.000000000E+00     8.684210526E-02
     1197     3.250000000E-02     0.000000000E+00     8.421052632E-02
     1198     3.500000000E-02     5.000000000E-04     8.421052632E-02
     1199     3.750000000E-02     0.000000000E+00     8.421052632E-02
     1200     3.500000000E-02     0.000000000E+00     9.210526316E-02
     1201     3.250000000E-02     0.000000000E+00     8.947368421E-02
     1202     3.500000000E-02     5.000000000E-04     8.947368421E-02
     1203     3.750000000E-02     0.000000000E+00     8.947368421E-02
     1204     3.250000000E-02     0.000000000E+00     9.473684211E-02
     1205     3.500000000E-02     5.000000000E-04     9.473684211E-02
     1206     3.500000000E-02     0.000000000E+00     9.736842105E-02
     1207     3.750000000E-02     0.000000000E+00     9.473684211E-02
     1208     3.000000000E-02     0.000000000E+00     7.894736842E-03
     1209     2.750000000E-02     0.000000000E+00     5.263157895E-03
     1210     3.000000000E-02     5.000000000E-04     5.263157895E-03
     1211     3.000000000E-02     0.000000000E+00     2.631578947E-03
     1212     3.000000000E-02     0.000000000E+00     1.315789474E-02
     1213     2.750000000E-02     0.000000000E+00     1.052631579E-02
     1214     3.000000000E-02     5.000000000E-04     1.052631579E-02
     1215     3.000000000E-02     0.000000000E+00     1.842105263E-02
     1216     2.750000000E-02     0.000000000E+00     1.578947368E-02
     1217     3.000000000E-02     5.000000000E-04     1.578947368E-02
     1218     3.000000000E-02     0.000000000E+00     2.368421053E-02
     1219     2.750000000E-02     0.000000000E+00     2.105263158E-02
     1220     3.000000000E-02     5.000000000E-04     2.105263158E-02
     1221     3.000000000E-02     0.000000000E+00     2.894736842E-02
     1222     2.750000000E-02     0.000000000E+00     2.631578947E-02
     1223     3.000000000E-02     5.000000000E-04     2.631578947E-02
     1224     3.000000000E-02     0.000000000E+00     3.421052632E-02
     1225     2.750000000E-02     0.000000000E+00     3.157894737E-02
     1226     3.000000000E-02     5.000000000E-04     3.157894737E-02
     1227     3.000000000E-02     0.000000000E+00     3.947368421E-02
     1228     2.750000000E-02     0.000000000E+00     3.684210526E-02
     1229     3.000000000E-02     5.000000000E-04     3.684210526E-02
     1230     3.000000000E-02     0.000000000E+00     4.473684211E-02
     1231     2.750000000E-02     0.000000000E+00     4.210526316E-02
     1232     3.000000000E-02     5.000000000E-04     4.210526316E-02
     1233     3.000000000E-02     0.000000000E+00     5.000000000E-02
     1234     2.750000000E-02     0.000000000E+00     4.736842105E-02
     1235     3.000000000E-02     5.000000000E-04     4.736842105E-02
     1236     3.000000000E-02     0.000000000E+00     5.526315789E-02
     1237     2.750000000E-02     0.000000000E+00     5.263157895E-02
     1238     3.000000000E-02     5.000000000E-04     5.263157895E-02
     1239     3.000000000E-02     0.000000000E+00     6.052631579E-02
     1240     2.750000000E-02     0.000000000E+00     5.789473684E-02
     1241     3.000000000E-02     5.000000000E-04     5.789473684E-02
     1242     3.000000000E-02     0.000000000E+00     6.578947368E-02
     1243     2.750000000E-02     0.000000000E+00     6.315789474E-02
     1244     3.000000000E-02     5.000000000E-04     6.315789474E-02
     1245     3.000000000E-02     0.000000000E+00     7.105263158E-02
     1246     2.750000000E-02     0.000000000E+00     6.842105263E-02
     1247     3.000000000E-02     5.000000000E-04     6.842105263E-02
     1248     3.000000000E-02     0.000000000E+00     7.631578947E-02
     1249     2.750000000E-02     0.000000000E+00     7.368421053E-02
     1250     3.000000000E-02     5.000000000E-04     7.368421053E-02
     1251     3.000000000E-02     0.000000000E+00     8.157894737E-02
     1252     2.750000000E-02     0.000000000E+00     7.894736842E-02
     1253     3.000000000E-02     5.000000000E-04     7.894736842E-02
     1254     3.000000000E-02     0.000000000E+00     8.684210526E-02
     1255     2.750000000E-02     0.000000000E+00     8.421052632E-02
     1256     3.000000000E-02     5.000000000E-04     8.421052632E-02
     1257     3.000000000E-02     0.000000000E+00     9.210526316E-02
     1258     2.750000000E-02     0.000000000E+00     8.947368421E-02
     1259     3.000000000E-02     5.000000000E-04     8.947368421E-02
     1260     2.750000000E-02     0.000000000E+00     9.473684211E-02
     1261     3.000000000E-02     5.000000000E-04     9.473684211E-02
     1262     3.000000000E-02     0.000000000E+00     9.736842105E-02
     1263     2.500000000E-02     0.000000000E+00     7.894736842E-03
     1264     2.250000000E-02     0.000000000E+00     5.263157895E-03
     1265     2.500000000E-02     5.000000000E-04     5.263157895E-03
     1266     2.500000000E-02     0.000000000E+00     2.631578947E-03
     1267     2.500000000E-02     0.000000000E+00     1.315789474E-02
     1268     2.250000000E-02     0.000000000E+00     1.052631579E-02
     1269     2.500000000E-02     5.000000000E-04     1.052631579E-02
     1270     2.500000000E-02     0.000000000E+00     1.842105263E-02
     1271     2.250000000E-02     0.000000000E+00     1.578947368E-02
     1272     2.500000000E-02     5.000000000E-04     1.578947368E-02
     1273     2.500000000E-02     0.000000000E+00     2.368421053E-02
     1274     2.250000000E-02     0.000000000E+00     2.105263158E-02
     1275     2.500000000E-02     5.000000000E-04     2.105263158E-02
     1276     2.500000000E-02     0.000000000E+00     2.894736842E-02
     1277     2.250000000E-02     0.000000000E+00     2.631578947E-02
     1278     2.500000000E-02     5.000000000E-04     2.631578947E-02
     1279     2.500000000E-02     0.000000000E+00     3.421052632E-02
     1280     2.250000000E-02     0.000000000E+00     3.157894737E-02
     1281     2.500000000E-02     5.000000000E-04     3.157894737E-02
     1282     2.500000000E-02     0.000000000E+00     3.947368421E-02
     1283     2.250000000E-02     0.000000000E+00     3.684210526E-02
     1284     2.500000000E-02     5.000000000E-04     3.684210526E-02
     1285     2.500000000E-02     0.000000000E+00     4.473684211E-02
     1286     2.250000000E-02     0.000000000E+00     4.210526316E-02
     1287     2.500000000E-02     5.000000000E-04     4.210526316E-02
     1288     2.500000000E-02     0.000000000E+00     5.000000000E-02
     1289     2.250000000E-02     0.000000000E+00     4.736842105E-02
     1290     2.500000000E-02     5.000000000E-04     4.736842105E-02
     1291     2.500000000E-02     0.000000000E+00     5.526315789E-02
     1292     2.250000000E-02     0.000000000E+00     5.263157895E-02
     1293     2.500000000E-02     5.000000000E-04     5.263157895E-02
     1294     2.500000000E-02     0.000000000E+00     6.052631579E-02
     1295     2.250000000E-02     0.000000000E+00     5.789473684E-02
     1296     2.500000000E-02     5.000000000E-04     5.789473684E-02
     1297     2.500000000E-02     0.000000000E+00     6.578947368E-02
     1298     2.250000000E-02     0.000000000E+00     6.315789474E-02
     1299     2.500000000E-02     5.000000000E-04     6.315789474E-02
     1300     2.500000000E-02     0.000000000E+00     7.105263158E-02
     1301     2.250000000E-02     0.000000000E+00     6.842105263E-02
     1302     2.500000000E-02     5.000000000E-04     6.842105263E-02
     1303     2.500000000E-02     0.000000000E+00     7.631578947E-02
     1304     2.250000000E-02     0.000000000E+00     7.368421053E-02
     1305     2.500000000E-02     5.000000000E-04     7.368421053E-02
     1306     2.500000000E-02     0.000000000E+00     8.157894737E-02
     1307     2.250000000E-02     0.000000000E+00     7.894736842E-02
     1308     2.500000000E-02     5.000000000E-04     7.894736842E-02
     1309     2.500000000E-02     0.000000000E+00     8.684210526E-02
     1310     2.250000000E-02     0.000000000E+00     8.421052632E-02
     1311     2.500000000E-02     5.000000000E-04     8.421052632E-02
     1312     2.500000000E-02     0.000000000E+00     9.210526316E-02
     1313     2.250000000E-02     0.000000000E+00     8.947368421E-02
     1314     2.500000000E-02     5.000000000E-04     8.947368421E-02
     1315     2.250000000E-02     0.000000000E+00     9.473684211E-02
     1316     2.500000000E-02     5.000000000E-04     9.473684211E-02
     1317     2.500000000E-02     0.000000000E+00     9.736842105E-02
     1318     2.000000000E-02     0.000000000E+00     7.894736842E-03
     1319     1.750000000E-02     0.000000000E+00     5.263157895E-03
     1320     2.000000000E-02     5.000000000E-04     5.263157895E-03
     1321     2.000000000E-02     0.000000000E+00     2.631578947E-03
     1322     2.000000000E-02     0.000000000E+00     1.315789474E-02
     1323     1.750000000E-02     0.000000000E+00     1.052631579E-02
     1324     2.000000000E-02     5.000000000E-04     1.052631579E-02
     1325     2.000000000E-02     0.000000000E+00     1.842105263E-02
     1326     1.750000000E-02     0.000000000E+00     1.578947368E-02
     1327     2.000000000E-02     5.000000000E-04     1.578947368E-02
     1328     2.000000000E-02     0.000000000E+00     2.368421053E-02
     1329     1.750000000E-02     0.000000000E+00     2.105263158E-02
     1330     2.000000000E-02     5.000000000E-04     2.105263158E-02
     1331     2.000000000E-02     0.000000000E+00     2.894736842E-02
     1332     1.750000000E-02     0.000000000E+00     2.631578947E-02
     1333     2.000000000E-02     5.000000000E-04     2.631578947E-02
     1334     2.000000000E-02     0.000000000E+00     3.421052632E-02
     1335     1.750000000E-02     0.000000000E+00     3.157894737E-02
     1336     2.000000000E-02     5.000000000E-04     3.157894737E-02
     1337     2.000000000E-02     0.000000000E+00     3.947368421E-02
     1338     1.750000000E-02     0.000000000E+00     3.684210526E-02
     1339     2.000000000E-02     5.000000000E-04     3.684210526E-02
     1340     2.000000000E-02     0.000000000E+00     4.473684211E-02
     1341     1.750000000E-02     0.000000000E+00     4.210526316E-02
     1342     2.000000000E-02     5.000000000E-04     4.210526316E-02
     1343     2.000000000E-02     0.000000000E+00     5.000000000E-02
     1344     1.750000000E-02     0.000000000E+00     4.736842105E-02
     1345     2.000000000E-02     5.000000000E-04     4.736842105E-02
     1346     2.000000000E-02     0.000000000E+00     5.526315789E-02
     1347     1.750000000E-02     0.000000000E+00     5.263157895E-02
     1348     2.000000000E-02     5.000000000E-04     5.263157895E-02
     1349     2.000000000E-02     0.000000000E+00     6.052631579E-02
     1350     1.750000000E-02     0.000000000E+00     5.789473684E-02
     1351     2.000000000E-02     5.000000000E-04     5.789473684E-02
     1352     2.000000000E-02     0.000000000E+00     6.578947368E-02
     1353     1.750000000E-02     0.000000000E+00     6.315789474E-02
     1354     2.000000000E-02     5.000000000E-04     6.315789474E-02
     1355     2.000000000E-02     0.000000000E+00     7.105263158E-02
     1356     1.750000000E-02     0.000000000E+00     6.842105263E-02
     1357     2.000000000E-02     5.000000000E-04     6.842105263E-02
     1358     2.000000000E-02     0.000000000E+00     7.631578947E-02
     1359     1.750000000E-02     0.000000000E+00     7.368421053E-02
     1360     2.000000000E-02     5.000000000E-04     7.368421053E-02
     1361     2.000000000E-02     0.000000000E+00     8.157894737E-02
     1362     1.750000000E-02     0.000000000E+00     7.894736842E-02
     1363     2.000000000E-02     5.000000000E-04     7.894736842E-02
     1364     2.000000000E-02     0.000000000E+00     8.684210526E-02
     1365     1.750000000E-02     0.000000000E+00     8.421052632E-02
     1366     2.000000000E-02     5.000000000E-04     8.421052632E-02
     1367     2.000000000E-02     0.000000000E+00     9.210526316E-02
     1368     1.750000000E-02     0.000000000E+00     8.947368421E-02
     1369     2.000000000E-02     5.000000000E-04     8.947368421E-02
     1370     1.750000000E-02     0.000000000E+00     9.473684211E-02
     1371     2.000000000E-02     5.000000000E-04     9.473684211E-02
     1372     2.000000000E-02     0.000000000E+00     9.736842105E-02
     1373     1.500000000E-02     0.000000000E+00     7.894736842E-03
     1374     1.250000000E-02     0.000000000E+00     5.263157895E-03
     1375     1.500000000E-02     5.000000000E-04     5.263157895E-03
     1376     1.500000000E-02     0.000000000E+00     2.631578947E-03
     1377     1.500000000E-02     0.000000000E+00     1.315789474E-02
     1378     1.250000000E-02     0.000000000E+00     1.052631579E-02
     1379     1.500000000E-02     5.000000000E-04     1.052631579E-02
     1380     1.500000000E-02     0.000000000E+00     1.842105263E-02
     1381     1.250000000E-02     0.000000000E+00     1.578947368E-02
     1382     1.500000000E-02     5.000000000E-04     1.578947368E-02
     1383     1.500000000E-02     0.000000000E+00     2.368421053E-02
     1384     1.250000000E-02     0.000000000E+00     2.105263158E-02
     1385     1.500000000E-02     5.000000000E-04     2.105263158E-02
     1386     1.500000000E-02     0.000000000E+00     2.894736842E-02
     1387     1.250000000E-02     0.000000000E+00     2.631578947E-02
     1388     1.500000000E-02     5.000000000E-04     2.631578947E-02
     1389     1.500000000E-02     0.000000000E+00     3.421052632E-02
     1390     1.250000000E-02     0.000000000E+00     3.157894737E-02
     1391     1.500000000E-02     5.000000000E-04     3.157894737E-02
     1392     1.500000000E-02     0.000000000E+00     3.947368421E-02
     1393     1.250000000E-02     0.000000000E+00     3.684210526E-02
     1394     1.500000000E-02     5.000000000E-04     3.684210526E-02
     1395     1.500000000E-02     0.000000000E+00     4.473684211E-02
     1396     1.250000000E-02     0.000000000E+00     4.210526316E-02
     1397     1.500000000E-02     5.000000000E-04     4.210526316E-02
     1398     1.500000000E-02     0.000000000E+00     5.000000000E-02
     1399     1.250000000E-02     0.000000000E+00     4.736842105E-02
     1400     1.500000000E-02     5.000000000E-04     4.736842105E-02
     1401     1.500000000E-02     0.000000000E+00     5.526315789E-02
     1402     1.250000000E-02     0.000000000E+00     5.263157895E-02
     1403     1.500000000E-02     5.000000000E-04     5.263157895E-02
     1404     1.500000000E-02     0.000000000E+00     6.052631579E-02
     1405     1.250000000E-02     0.000000000E+00     5.789473684E-02
     1406     1.500000000E-02     5.000000000E-04     5.789473684E-02
     1407     1.500000000E-02     0.000000000E+00     6.578947368E-02
     1408     1.250000000E-02     0.000000000E+00     6.315789474E-02
     1409     1.500000000E-02     5.000000000E-04     6.315789474E-02
     1410     1.500000000E-02     0.000000000E+00     7.105263158E-02
     1411     1.250000000E-02     0.000000000E+00     6.842105263E-02
     1412     1.500000000E-02     5.000000000E-04     6.842105263E-02
     1413     1.500000000E-02     0.000000000E+00     7.631578947E-02
     1414     1.250000000E-02     0.000000000E+00     7.368421053E-02
     1415     1.500000000E-02     5.000000000E-04     7.368421053E-02
     1416     1.500000000E-02     0.000000000E+00     8.157894737E-02
     1417     1.250000000E-02     0.000000000E+00     7.894736842E-02
     1418     1.500000000E-02     5.000000000E-04     7.894736842E-02
     1419     1.500000000E-02     0.000000000E+00     8.684210526E-02
     1420     1.250000000E-02     0.000000000E+00     8.421052632E-02
     1421     1.500000000E-02     5.000000000E-04     8.421052632E-02
     1422     1.500000000E-02     0.000000000E+00     9.210526316E-02
     1423     1.250000000E-02     0.000000000E+00     8.947368421E-02
     1424     1.500000000E-02     5.000000000E-04     8.947368421E-02
     1425     1.250000000E-02     0.000000000E+00     9.473684211E-02
     1426     1.500000000E-02     5.000000000E-04     9.473684211E-02
     1427     1.500000000E-02     0.000000000E+00     9.736842105E-02
     1428     1.000000000E-02     0.000000000E+00     7.894736842E-03
     1429     7.500000000E-03     0.000000000E+00     5.263157895E-03
     1430     1.000000000E-02     5.000000000E-04     5.263157895E-03
     1431     1.000000000E-02     0.000000000E+00     2.631578947E-03
     1432     1.000000000E-02     0.000000000E+00     1.315789474E-02
     1433     7.500000000E-03     0.000000000E+00     1.052631579E-02
     1434     1.000000000E-02     5.000000000E-04     1.052631579E-02
     1435     1.000000000E-02     0.000000000E+00     1.842105263E-02
     1436     7.500000000E-03     0.000000000E+00     1.578947368E-02
     1437     1.000000000E-02     5.000000000E-04     1.578947368E-02
     1438     1.000000000E-02     0.000000000E+00     2.368421053E-02
     1439     7.500000000E-03     0.000000000E+00     2.105263158E-02
     1440     1.000000000E-02     5.000000000E-04     2.105263158E-02
     1441     1.000000000E-02     0.000000000E+00     2.894736842E-02
     1442     7.500000000E-03     0.000000000E+00     2.631578947E-02
     1443     1.000000000E-02     5.000000000E-04     2.631578947E-02
     1444     1.000000000E-02     0.000000000E+00     3.421052632E-02
     1445     7.500000000E-03     0.000000000E+00     3.157894737E-02
     1446     1.000000000E-02     5.000000000E-04     3.157894737E-02
     1447     1.000000000E-02     0.000000000E+00     3.947368421E-02
     1448     7.500000000E-03     0.000000000E+00     3.684210526E-02
     1449     1.000000000E-02     5.000000000E-04     3.684210526E-02
     1450     1.000000000E-02     0.000000000E+00     4.473684211E-02
     1451     7.500000000E-03     0.000000000E+00     4.210526316E-02
     1452     1.000000000E-02     5.000000000E-04     4.210526316E-02
     1453     1.000000000E-02     0.000000000E+00     5.000000000E-02
     1454     7.500000000E-03     0.000000000E+00     4.736842105E-02
     1455     1.000000000E-02     5.000000000E-04     4.736842105E-02
     1456     1.000000000E-02     0.000000000E+00     5.526315789E-02
     1457     7.500000000E-03     0.000000000E+00     5.263157895E-02
     1458     1.000000000E-02     5.000000000E-04     5.263157895E-02
     1459     1.000000000E-02     0.000000000E+00     6.052631579E-02
     1460     7.500000000E-03     0.000000000E+00     5.789473684E-02
     1461     1.000000000E-02     5.000000000E-04     5.789473684E-02
     1462     1.000000000E-02     0.000000000E+00     6.578947368E-02
     1463     7.500000000E-03     0.000000000E+00     6.315789474E-02
     1464     1.000000000E-02     5.000000000E-04     6.315789474E-02
     1465     1.000000000E-02     0.000000000E+00     7.105263158E-02
     1466     7.500000000E-03     0.000000000E+00     6.842105263E-02
     1467     1.000000000E-02     5.000000000E-04     6.842105263E-02
     1468     1.000000000E-02     0.000000000E+00     7.631578947E-02
     1469     7.500000000E-03     0.000000000E+00     7.368421053E-02
     1470     1.000000000E-02     5.000000000E-04     7.368421053E-02
     1471     1.000000000E-02     0.000000000E+00     8.157894737E-02
     1472     7.500000000E-03     0.000000000E+00     7.894736842E-02
     1473     1.000000000E-02     5.000000000E-04     7.894736842E-02
     1474     1.000000000E-02     0.000000000E+00     8.684210526E-02
     1475     7.500000000E-03     0.000000000E+00     8.421052632E-02
     1476     1.000000000E-02     5.000000000E-04     8.421052632E-02
     1477     1.000000000E-02     0.000000000E+00     9.210526316E-02
     1478     7.500000000E-03     0.000000000E+00     8.947368421E-02
     1479     1.000000000E-02     5.000000000E-04     8.947368421E-02
     1480     7.500000000E-03     0.000000000E+00     9.473684211E-02
     1481     1.000000000E-02     5.000000000E-04     9.473684211E-02
     1482     1.000000000E-02     0.000000000E+00     9.736842105E-02
     1483     5.000000000E-03     0.000000000E+00     7.894736842E-03
     1484     5.000000000E-03     5.000000000E-04     5.263157895E-03
     1485     5.000000000E-03     0.000000000E+00     2.631578947E-03
     1486     2.500000000E-03     0.000000000E+00     5.263157895E-03
     1487     5.000000000E-03     0.000000000E+00     1.315789474E-02
     1488     5.000000000E-03     5.000000000E-04     1.052631579E-02
     1489     2.500000000E-03     0.000000000E+00     1.052631579E-02
     1490     5.000000000E-03     0.000000000E+00     1.842105263E-02
     1491     5.000000000E-03     5.000000000E-04     1.578947368E-02
     1492     2.500000000E-03     0.000000000E+00     1.578947368E-02
     1493     5.000000000E-03     0.000000000E+00     2.368421053E-02
     1494     5.000000000E-03     5.000000000E-04     2.105263158E-02
     1495     2.500000000E-03     0.000000000E+00     2.105263158E-02
     1496     5.000000000E-03     0.000000000E+00     2.894736842E-02
     1497     5.000000000E-03     5.000000000E-04     2.631578947E-02
     1498     2.500000000E-03     0.000000000E+00     2.631578947E-02
     1499     5.000000000E-03     0.000000000E+00     3.421052632E-02
     1500     5.000000000E-03     5.000000000E-04     3.157894737E-02
     1501     2.500000000E-03     0.000000000E+00     3.157894737E-02
     1502     5.000000000E-03     0.000000000E+00     3.947368421E-02
     1503     5.000000000E-03     5.000000000E-04     3.684210526E-02
     1504     2.500000000E-03     0.000000000E+00     3.684210526E-02
     1505     5.000000000E-03     0.000000000E+00     4.473684211E-02
     1506     5.000000000E-03     5.000000000E-04     4.210526316E-02
     1507     2.500000000E-03     0.000000000E+00     4.210526316E-02
     1508     5.000000000E-03     0.000000000E+00     5.000000000E-02
     1509     5.000000000E-03     5.000000000E-04     4.736842105E-02
     1510     2.500000000E-03     0.000000000E+00     4.736842105E-02
     1511     5.000000000E-03     0.000000000E+00     5.526315789E-02
     1512     5.000000000E-03     5.000000000E-04     5.263157895E-02
     1513     2.500000000E-03     0.000000000E+00     5.263157895E-02
     1514     5.000000000E-03     0.000000000E+00     6.052631579E-02
     1515     5.000000000E-03     5.000000000E-04     5.789473684E-02
     1516     2.500000000E-03     0.000000000E+00     5.789473684E-02
     1517     5.000000000E-03     0.000000000E+00     6.578947368E-02
     1518     5.000000000E-03     5.000000000E-04     6.315789474E-02
     1519     2.500000000E-03     0.000000000E+00     6.315789474E-02
     1520     5.000000000E-03     0.000000000E+00     7.105263158E-02
     1521     5.000000000E-03     5.000000000E-04     6.842105263E-02
     1522     2.500000000E-03     0.000000000E+00     6.842105263E-02
     1523     5.000000000E-03     0.000000000E+00     7.631578947E-02
     1524     5.000000000E-03     5.000000000E-04     7.368421053E-02
     1525     2.500000000E-03     0.000000000E+00     7.368421053E-02
     1526     5.000000000E-03     0.000000000E+00     8.157894737E-02
     1527     5.000000000E-03     5.000000000E-04     7.894736842E-02
     1528     2.500000000E-03     0.000000000E+00     7.894736842E-02
     1529     5.000000000E-03     0.000000000E+00     8.684210526E-02
     1530     5.000000000E-03     5.000000000E-04     8.421052632E-02
     1531     2.500000000E-03     0.000000000E+00     8.421052632E-02
     1532     5.000000000E-03     0.000000000E+00     9.210526316E-02
     1533     5.000000000E-03     5.000000000E-04     8.947368421E-02
     1534     2.500000000E-03     0.000000000E+00     8.947368421E-02
     1535     5.000000000E-03     5.000000000E-04     9.473684211E-02
     1536     2.500000000E-03     0.000000000E+00     9.473684211E-02
     1537     5.000000000E-03     0.000000000E+00     9.736842105E-02
     1538     5.000000000E-03     1.000000000E-03     9.210526316E-02
     1539     7.500000000E-03     1.000000000E-03     9.473684211E-02
     1540     5.000000000E-03     1.000000000E-03     9.736842105E-02
     1541     2.500000000E-03     1.000000000E-03     9.473684211E-02
     1542     5.000000000E-03     1.000000000E-03     8.684210526E-02
     1543     7.500000000E-03     1.000000000E-03     8.947368421E-02
     1544     2.500000000E-03     1.000000000E-03     8.947368421E-02
     1545     5.000000000E-03     1.000000000E-03     8.157894737E-02
     1546     7.500000000E-03     1.000000000E-03     8.421052632E-02
     1547     2.500000000E-03     1.000000000E-03     8.421052632E-02
     1548     5.000000000E-03     1.000000000E-03     7.631578947E-02
     1549     7.500000000E-03     1.000000000E-03     7.894736842E-02
     1550     2.500000000E-03     1.000000000E-03     7.894736842E-02
     1551     5.000000000E-03     1.000000000E-03     7.105263158E-02
     1552     7.500000000E-03     1.000000000E-03     7.368421053E-02
     1553     2.500000000E-03     1.000000000E-03     7.368421053E-02
     1554     5.000000000E-03     1.000000000E-03     6.578947368E-02
     1555     7.500000000E-03     1.000000000E-03     6.842105263E-02
     1556     2.500000000E-03     1.000000000E-03     6.842105263E-02
     1557     5.000000000E-03     1.000000000E-03     6.052631579E-02
     1558     7.500000000E-03     1.000000000E-03     6.315789474E-02
     1559     2.500000000E-03     1.000000000E-03     6.315789474E-02
     1560     5.000000000E-03     1.000000000E-03     5.526315789E-02
     1561     7.500000000E-03     1.000000000E-03     5.789473684E-02
     1562     2.500000000E-03     1.000000000E-03     5.789473684E-02
     1563     5.000000000E-03     1.000000000E-03     5.000000000E-02
     1564     7.500000000E-03     1.000000000E-03     5.263157895E-02
     1565     2.500000000E-03     1.000000000E-03     5.263157895E-02
     1566     5.000000000E-03     1.000000000E-03     4.473684211E-02
     1567     7.500000000E-03     1.000000000E-03     4.736842105E-02
     1568     2.500000000E-03     1.000000000E-03     4.736842105E-02
     1569     5.000000000E-03     1.000000000E-03     3.947368421E-02
     1570     7.500000000E-03     1.000000000E-03     4.210526316E-02
     1571     2.500000000E-03     1.000000000E-03     4.210526316E-02
     1572     5.000000000E-03     1.000000000E-03     3.421052632E-02
     1573     7.500000000E-03     1.000000000E-03     3.684210526E-02
     1574     2.500000000E-03     1.000000000E-03     3.684210526E-02
     1575     5.000000000E-03     1.000000000E-03     2.894736842E-02
     1576     7.500000000E-03     1.000000000E-03     3.157894737E-02
     1577     2.500000000E-03     1.000000000E-03     3.157894737E-02
     1578     5.000000000E-03     1.000000000E-03     2.368421053E-02
     1579     7.500000000E-03     1.000000000E-03     2.631578947E-02
     1580     2.500000000E-03     1.000000000E-03     2.631578947E-02
     1581     5.000000000E-03     1.000000000E-03     1.842105263E-02
     1582     7.500000000E-03     1.000000000E-03     2.105263158E-02
     1583     2.500000000E-03     1.000000000E-03     2.105263158E-02
     1584     5.000000000E-03     1.000000000E-03     1.315789474E-02
     1585     7.500000000E-03     1.000000000E-03     1.578947368E-02
     1586     2.500000000E-03     1.000000000E-03     1.578947368E-02
     1587     5.000000000E-03     1.000000000E-03     7.894736842E-03
     1588     7.500000000E-03     1.000000000E-03     1.052631579E-02
     1589     2.500000000E-03     1.000000000E-03     1.052631579E-02
     1590     7.500000000E-03     1.000000000E-03     5.263157895E-03
     1591     2.500000000E-03     1.000000000E-03     5.263157895E-03
     1592     5.000000000E-03     1.000000000E-03     2.631578947E-03
     1593     1.000000000E-02     1.000000000E-03     9.210526316E-02
     1594     1.250000000E-02     1.000000000E-03     9.473684211E-02
     1595     1.000000000E-02     1.000000000E-03     9.736842105E-02
     1596     1.000000000E-02     1.000000000E-03     8.684210526E-02
     1597     1.250000000E-02     1.000000000E-03     8.947368421E-02
     1598     1.000000000E-02     1.000000000E-03     8.157894737E-02
     1599     1.250000000E-02     1.000000000E-03     8.421052632E-02
     1600     1.000000000E-02     1.000000000E-03     7.631578947E-02
     1601     1.250000000E-02     1.000000000E-03     7.894736842E-02
     1602     1.000000000E-02     1.000000000E-03     7.105263158E-02
     1603     1.250000000E-02     1.000000000E-03     7.368421053E-02
     1604     1.000000000E-02     1.000000000E-03     6.578947368E-02
     1605     1.250000000E-02     1.000000000E-03     6.842105263E-02
     1606     1.000000000E-02     1.000000000E-03     6.052631579E-02
     1607     1.250000000E-02     1.000000000E-03     6.315789474E-02
     1608     1.000000000E-02     1.000000000E-03     5.526315789E-02
     1609     1.250000000E-02     1.000000000E-03     5.789473684E-02
     1610     1.000000000E-02     1.000000000E-03     5.000000000E-02
     1611     1.250000000E-02     1.000000000E-03     5.263157895E-02
     1612     1.000000000E-02     1.000000000E-03     4.473684211E-02
     1613     1.250000000E-02     1.000000000E-03     4.736842105E-02
     1614     1.000000000E-02     1.000000000E-03     3.947368421E-02
     1615     1.250000000E-02     1.000000000E-03     4.210526316E-02
     1616     1.000000000E-02     1.000000000E-03     3.421052632E-02
     1617     1.250000000E-02     1.000000000E-03     3.684210526E-02
     1618     1.000000000E-02     1.000000000E-03     2.894736842E-02
     1619     1.250000000E-02     1.000000000E-03     3.157894737E-02
     1620     1.000000000E-02     1.000000000E-03     2.368421053E-02
     1621     1.250000000E-02     1.000000000E-03     2.631578947E-02
     1622     1.000000000E-02     1.000000000E-03     1.842105263E-02
     1623     1.250000000E-02     1.000000000E-03     2.105263158E-02
     1624     1.000000000E-02     1.000000000E-03     1.315789474E-02
     1625     1.250000000E-02     1.000000000E-03     1.578947368E-02
     1626     1.000000000E-02     1.000000000E-03     7.894736842E-03
     1627     1.250000000E-02     1.000000000E-03     1.052631579E-02
     1628     1.250000000E-02     1.000000000E-03     5.263157895E-03
     1629     1.000000000E-02     1.000000000E-03     2.631578947E-03
     1630     1.500000000E-02     1.000000000E-03     9.210526316E-02
     1631     1.750000000E-02     1.000000000E-03     9.473684211E-02
     1632     1.500000000E-02     1.000000000E-03     9.736842105E-02
     1633     1.500000000E-02     1.000000000E-03     8.684210526E-02
     1634     1.750000000E-02     1.000000000E-03     8.947368421E-02
     1635     1.500000000E-02     1.000000000E-03     8.157894737E-02
     1636     1.750000000E-02     1.000000000E-03     8.421052632E-02
     1637     1.500000000E-02     1.000000000E-03     7.631578947E-02
     1638     1.750000000E-02     1.000000000E-03     7.894736842E-02
     1639     1.500000000E-02     1.000000000E-03     7.105263158E-02
     1640     1.750000000E-02     1.000000000E-03     7.368421053E-02
     1641     1.500000000E-02     1.000000000E-03     6.578947368E-02
     1642     1.750000000E-02     1.000000000E-03     6.842105263E-02
     1643     1.500000000E-02     1.000000000E-03     6.052631579E-02
     1644     1.750000000E-02     1.000000000E-03     6.315789474E-02
     1645     1.500000000E-02     1.000000000E-03     5.526315789E-02
     1646     1.750000000E-02     1.000000000E-03     5.789473684E-02
     1647     1.500000000E-02     1.000000000E-03     5.000000000E-02
     1648     1.750000000E-02     1.000000000E-03     5.263157895E-02
     1649     1.500000000E-02     1.000000000E-03     4.473684211E-02
     1650     1.750000000E-02     1.000000000E-03     4.736842105E-02
     1651     1.500000000E-02     1.000000000E-03     3.947368421E-02
     1652     1.750000000E-02     1.000000000E-03     4.210526316E-02
     1653     1.500000000E-02     1.000000000E-03     3.421052632E-02
     1654     1.750000000E-02     1.000000000E-03     3.684210526E-02
     1655     1.500000000E-02     1.000000000E-03     2.894736842E-02
     1656     1.750000000E-02     1.000000000E-03     3.157894737E-02
     1657     1.500000000E-02     1.000000000E-03     2.368421053E-02
     1658     1.750000000E-02     1.000000000E-03     2.631578947E-02
     1659     1.500000000E-02     1.000000000E-03     1.842105263E-02
     1660     1.750000000E-02     1.000000000E-03     2.105263158E-02
     1661     1.500000000E-02     1.000000000E-03     1.315789474E-02
     1662     1.750000000E-02     1.000000000E-03     1.578947368E-02
     1663     1.500000000E-02     1.000000000E-03     7.894736842E-03
     1664     1.750000000E-02     1.000000000E-03     1.052631579E-02
     1665     1.750000000E-02     1.000000000E-03     5.263157895E-03
     1666     1.500000000E-02     1.000000000E-03     2.631578947E-03
     1667     2.000000000E-02     1.000000000E-03     9.210526316E-02
     1668     2.250000000E-02     1.000000000E-03     9.473684211E-02
     1669     2.000000000E-02     1.000000000E-03     9.736842105E-02
     1670     2.000000000E-02     1.000000000E-03     8.684210526E-02
     1671     2.250000000E-02     1.000000000E-03     8.947368421E-02
     1672     2.000000000E-02     1.000000000E-03     8.157894737E-02
     1673     2.250000000E-02     1.000000000E-03     8.421052632E-02
     1674     2.000000000E-02     1.000000000E-03     7.631578947E-02
     1675     2.250000000E-02     1.000000000E-03     7.894736842E-02
     1676     2.000000000E-02     1.000000000E-03     7.105263158E-02
     1677     2.250000000E-02     1.000000000E-03     7.368421053E-02
     1678     2.000000000E-02     1.000000000E-03     6.578947368E-02
     1679     2.250000000E-02     1.000000000E-03     6.842105263E-02
     1680     2.000000000E-02     1.000000000E-03     6.052631579E-02
     1681     2.250000000E-02     1.000000000E-03     6.315789474E-02
     1682     2.000000000E-02     1.000000000E-03     5.526315789E-02
     1683     2.250000000E-02     1.000000000E-03     5.789473684E-02
     1684     2.000000000E-02     1.000000000E-03     5.000000000E-02
     1685     2.250000000E-02     1.000000000E-03     5.263157895E-02
     1686     2.000000000E-02     1.000000000E-03     4.473684211E-02
     1687     2.250000000E-02     1.000000000E-03     4.736842105E-02
     1688     2.000000000E-02     1.000000000E-03     3.947368421E-02
     1689     2.250000000E-02     1.000000000E-03     4.210526316E-02
     1690     2.000000000E-02     1.000000000E-03     3.421052632E-02
     1691     2.250000000E-02     1.000000000E-03     3.684210526E-02
     1692     2.000000000E-02     1.000000000E-03     2.894736842E-02
     1693     2.250000000E-02     1.000000000E-03     3.157894737E-02
     1694     2.000000000E-02     1.000000000E-03     2.368421053E-02
     1695     2.250000000E-02     1.000000000E-03     2.631578947E-02
     1696     2.000000000E-02     1.000000000E-03     1.842105263E-02
     1697     2.250000000E-02     1.000000000E-03     2.105263158E-02
     1698     2.000000000E-02     1.000000000E-03     1.315789474E-02
     1699     2.250000000E-02     1.000000000E-03     1.578947368E-02
     1700     2.000000000E-02     1.000000000E-03     7.894736842E-03
     1701     2.250000000E-02     1.000000000E-03     1.052631579E-02
     1702     2.250000000E-02     1.000000000E-03     5.263157895E-03
     1703     2.000000000E-02     1.000000000E-03     2.631578947E-03
     1704     2.500000000E-02     1.000000000E-03     9.210526316E-02
     1705     2.750000000E-02     1.000000000E-03     9.473684211E-02
     1706     2.500000000E-02     1.000000000E-03     9.736842105E-02
     1707     2.500000000E-02     1.000000000E-03     8.684210526E-02
     1708     2.750000000E-02     1.000000000E-03     8.947368421E-02
     1709     2.500000000E-02     1.000000000E-03     8.157894737E-02
     1710     2.750000000E-02     1.000000000E-03     8.421052632E-02
     1711     2.500000000E-02     1.000000000E-03     7.631578947E-02
     1712     2.750000000E-02     1.000000000E-03     7.894736842E-02
     1713     2.500000000E-02     1.000000000E-03     7.105263158E-02
     1714     2.750000000E-02     1.000000000E-03     7.368421053E-02
     1715     2.500000000E-02     1.000000000E-03     6.578947368E-02
     1716     2.750000000E-02     1.000000000E-03     6.842105263E-02
     1717     2.500000000E-02     1.000000000E-03     6.052631579E-02
     1718     2.750000000E-02     1.000000000E-03     6.315789474E-02
     1719     2.500000000E-02     1.000000000E-03     5.526315789E-02
     1720     2.750000000E-02     1.000000000E-03     5.789473684E-02
     1721     2.500000000E-02     1.000000000E-03     5.000000000E-02
     1722     2.750000000E-02     1.000000000E-03     5.263157895E-02
     1723     2.500000000E-02     1.000000000E-03     4.473684211E-02
     1724     2.750000000E-02     1.000000000E-03     4.736842105E-02
     1725     2.500000000E-02     1.000000000E-03     3.947368421E-02
     1726     2.750000000E-02     1.000000000E-03     4.210526316E-02
     1727     2.500000000E-02     1.000000000E-03     3.421052632E-02
     1728     2.750000000E-02     1.000000000E-03     3.684210526E-02
     1729     2.500000000E-02     1.000000000E-03     2.894736842E-02
     1730     2.750000000E-02     1.000000000E-03     3.157894737E-02
     1731     2.500000000E-02     1.000000000E-03     2.368421053E-02
     1732     2.750000000E-02     1.000000000E-03     2.631578947E-02
     1733     2.500000000E-02     1.000000000E-03     1.842105263E-02
     1734     2.750000000E-02     1.000000000E-03     2.105263158E-02
     1735     2.500000000E-02     1.000000000E-03     1.315789474E-02
     1736     2.750000000E-02     1.000000000E-03     1.578947368E-02
     1737     2.500000000E-02     1.000000000E-03     7.894736842E-03
     1738     2.750000000E-02     1.000000000E-03     1.052631579E-02
     1739     2.750000000E-02     1.000000000E-03     5.263157895E-03
     1740     2.500000000E-02     1.000000000E-03     2.631578947E-03
     1741     3.000000000E-02     1.000000000E-03     9.210526316E-02
     1742     3.250000000E-02     1.000000000E-03     9.473684211E-02
     1743     3.000000000E-02     1.000000000E-03     9.736842105E-02
     1744     3.000000000E-02     1.000000000E-03     8.684210526E-02
     1745     3.250000000E-02     1.000000000E-03     8.947368421E-02
     1746     3.000000000E-02     1.000000000E-03     8.157894737E-02
     1747     3.250000000E-02     1.000000000E-03     8.421052632E-02
     1748     3.000000000E-02     1.000000000E-03     7.631578947E-02
     1749     3.250000000E-02     1.000000000E-03     7.894736842E-02
     1750     3.000000000E-02     1.000000000E-03     7.105263158E-02
     1751     3.250000000E-02     1.000000000E-03     7.368421053E-02
     1752     3.000000000E-02     1.000000000E-03     6.578947368E-02
     1753     3.250000000E-02     1.000000000E-03     6.842105263E-02
     1754     3.000000000E-02     1.000000000E-03     6.052631579E-02
     1755     3.250000000E-02     1.000000000E-03     6.315789474E-02
     1756     3.000000000E-02     1.000000000E-03     5.526315789E-02
     1757     3.250000000E-02     1.000000000E-03     5.789473684E-02
     1758     3.000000000E-02     1.000000000E-03     5.000000000E-02
     1759     3.250000000E-02     1.000000000E-03     5.263157895E-02
     1760     3.000000000E-02     1.000000000E-03     4.473684211E-02
     1761     3.250000000E-02     1.000000000E-03     4.736842105E-02
     1762     3.000000000E-02     1.000000000E-03     3.947368421E-02
     1763     3.250000000E-02     1.000000000E-03     4.210526316E-02
     1764     3.000000000E-02     1.000000000E-03     3.421052632E-02
     1765     3.250000000E-02     1.000000000E-03     3.684210526E-02
     1766     3.000000000E-02     1.000000000E-03     2.894736842E-02
     1767     3.250000000E-02     1.000000000E-03     3.157894737E-02
     1768     3.000000000E-02     1.000000000E-03     2.368421053E-02
     1769     3.250000000E-02     1.000000000E-03     2.631578947E-02
     1770     3.000000000E-02     1.000000000E-03     1.842105263E-02
     1771     3.250000000E-02     1.000000000E-03     2.105263158E-02
     1772     3.000000000E-02     1.000000000E-03     1.315789474E-02
     1773     3.250000000E-02     1.000000000E-03     1.578947368E-02
     1774     3.000000000E-02     1.000000000E-03     7.894736842E-03
     1775     3.250000000E-02     1.000000000E-03     1.052631579E-02
     1776     3.250000000E-02     1.000000000E-03     5.263157895E-03
     1777     3.000000000E-02     1.000000000E-03     2.631578947E-03
     1778     3.500000000E-02     1.000000000E-03     9.210526316E-02
     1779     3.750000000E-02     1.000000000E-03     9.473684211E-02
     1780     3.500000000E-02     1.000000000E-03     9.736842105E-02
     1781     3.500000000E-02     1.000000000E-03     8.684210526E-02
     1782     3.750000000E-02     1.000000000E-03     8.947368421E-02
     1783     3.500000000E-02     1.000000000E-03     8.157894737E-02
     1784     3.750000000E-02     1.000000000E-03     8.421052632E-02
     1785     3.500000000E-02     1.000000000E-03     7.631578947E-02
     1786     3.750000000E-02     1.000000000E-03     7.894736842E-02
     1787     3.500000000E-02     1.000000000E-03     7.105263158E-02
     1788     3.750000000E-02     1.000000000E-03     7.368421053E-02
     1789     3.500000000E-02     1.000000000E-03     6.578947368E-02
     1790     3.750000000E-02     1.000000000E-03     6.842105263E-02
     1791     3.500000000E-02     1.000000000E-03     6.052631579E-02
     1792     3.750000000E-02     1.000000000E-03     6.315789474E-02
     1793     3.500000000E-02     1.000000000E-03     5.526315789E-02
     1794     3.750000000E-02     1.000000000E-03     5.789473684E-02
     1795     3.500000000E-02     1.000000000E-03     5.000000000E-02
     1796     3.750000000E-02     1.000000000E-03     5.263157895E-02
     1797     3.500000000E-02     1.000000000E-03     4.473684211E-02
     1798     3.750000000E-02     1.000000000E-03     4.736842105E-02
     1799     3.500000000E-02     1.000000000E-03     3.947368421E-02
     1800     3.750000000E-02     1.000000000E-03     4.210526316E-02
     1801     3.500000000E-02     1.000000000E-03     3.421052632E-02
     1802     3.750000000E-02     1.000000000E-03     3.684210526E-02
     1803     3.500000000E-02     1.000000000E-03     2.894736842E-02
     1804     3.750000000E-02     1.000000000E-03     3.157894737E-02
     1805     3.500000000E-02     1.000000000E-03     2.368421053E-02
     1806     3.750000000E-02     1.000000000E-03     2.631578947E-02
     1807     3.500000000E-02     1.000000000E-03     1.842105263E-02
     1808     3.750000000E-02     1.000000000E-03     2.105263158E-02
     1809     3.500000000E-02     1.000000000E-03     1.315789474E-02
     1810     3.750000000E-02     1.000000000E-03     1.578947368E-02
     1811     3.500000000E-02     1.000000000E-03     7.894736842E-03
     1812     3.750000000E-02     1.000000000E-03     1.052631579E-02
     1813     3.750000000E-02     1.000000000E-03     5.263157895E-03
     1814     3.500000000E-02     1.000000000E-03     2.631578947E-03
     1815     4.000000000E-02     1.000000000E-03     7.894736842E-03
     1816     4.000000000E-02     1.000000000E-03     2.631578947E-03
     1817     4.000000000E-02     5.000000000E-04     5.263157895E-03
     1818     4.000000000E-02     1.000000000E-03     1.315789474E-02
     1819     4.000000000E-02     5.000000000E-04     1.052631579E-02
     1820     4.000000000E-02     1.000000000E-03     1.842105263E-02
     1821     4.000000000E-02     5.000000000E-04     1.578947368E-02
     1822     4.000000000E-02     1.000000000E-03     2.368421053E-02
     1823     4.000000000E-02     5.000000000E-04     2.105263158E-02
     1824     4.000000000E-02     1.000000000E-03     2.894736842E-02
     1825     4.000000000E-02     5.000000000E-04     2.631578947E-02
     1826     4.000000000E-02     1.000000000E-03     3.421052632E-02
     1827     4.000000000E-02     5.000000000E-04     3.157894737E-02
     1828     4.000000000E-02     1.000000000E-03     3.947368421E-02
     1829     4.000000000E-02     5.000000000E-04     3.684210526E-02
     1830     4.000000000E-02     1.000000000E-03     4.473684211E-02
     1831     4.000000000E-02     5.000000000E-04     4.210526316E-02
     1832     4.000000000E-02     1.000000000E-03     5.000000000E-02
     1833     4.000000000E-02     5.000000000E-04     4.736842105E-02
     1834     4.000000000E-02     1.000000000E-03     5.526315789E-02
     1835     4.000000000E-02     5.000000000E-04     5.263157895E-02
     1836     4.000000000E-02     1.000000000E-03     6.052631579E-02
     1837     4.000000000E-02     5.000000000E-04     5.789473684E-02
     1838     4.000000000E-02     1.000000000E-03     6.578947368E-02
     1839     4.000000000E-02     5.000000000E-04     6.315789474E-02
     1840     4.000000000E-02     1.000000000E-03     7.105263158E-02
     1841     4.000000000E-02     5.000000000E-04     6.842105263E-02
     1842     4.000000000E-02     1.000000000E-03     7.631578947E-02
     1843     4.000000000E-02     5.000000000E-04     7.368421053E-02
     1844     4.000000000E-02     1.000000000E-03     8.157894737E-02
     1845     4.000000000E-02     5.000000000E-04     7.894736842E-02
     1846     4.000000000E-02     1.000000000E-03     8.684210526E-02
     1847     4.000000000E-02     5.000000000E-04     8.421052632E-02
     1848     4.000000000E-02     1.000000000E-03     9.210526316E-02
     1849     4.000000000E-02     5.000000000E-04     8.947368421E-02
     1850     4.000000000E-02     1.000000000E-03     9.736842105E-02
     1851     4.000000000E-02     5.000000000E-04     9.473684211E-02
     1852     3.750000000E-02     1.000000000E-03     1.000000000E-01
     1853     4.000000000E-02     5.000000000E-04     1.000000000E-01
     1854     3.250000000E-02     1.000000000E-03     1.000000000E-01
     1855     3.500000000E-02     5.000000000E-04     1.000000000E-01
     1856     2.750000000E-02     1.000000000E-03     1.000000000E-01
     1857     3.000000000E-02     5.000000000E-04     1.000000000E-01
     1858     2.250000000E-02     1.000000000E-03     1.000000000E-01
     1859     2.500000000E-02     5.000000000E-04     1.000000000E-01
     1860     1.750000000E-02     1.000000000E-03     1.000000000E-01
     1861     2.000000000E-02     5.000000000E-04     1.000000000E-01
     1862     1.250000000E-02     1.000000000E-03     1.000000000E-01
     1863     1.500000000E-02     5.000000000E-04     1.000000000E-01
     1864     7.500000000E-03     1.000000000E-03     1.000000000E-01
     1865     1.000000000E-02     5.000000000E-04     1.000000000E-01
     1866     2.500000000E-03     1.000000000E-03     1.000000000E-01
     1867     5.000000000E-03     5.000000000E-04     1.000000000E-01
     1868     0.000000000E+00     1.000000000E-03     9.736842105E-02
     1869     0.000000000E+00     5.000000000E-04     1.000000000E-01
     1870     0.000000000E+00     1.000000000E-03     9.210526316E-02
     1871     0.000000000E+00     5.000000000E-04     9.473684211E-02
     1872     0.000000000E+00     1.000000000E-03     8.684210526E-02
     1873     0.000000000E+00     5.000000000E-04     8.947368421E-02
     1874     0.000000000E+00     1.000000000E-03     8.157894737E-02
     1875     0.000000000E+00     5.000000000E-04     8.421052632E-02
     1876     0.000000000E+00     1.000000000E-03     7.631578947E-02
     1877     0.000000000E+00     5.000000000E-04     7.894736842E-02
     1878     0.000000000E+00     1.000000000E-03     7.105263158E-02
     1879     0.000000000E+00     5.000000000E-04     7.368421053E-02
     1880     0.000000000E+00     1.000000000E-03     6.578947368E-02
     1881     0.000000000E+00     5.000000000E-04     6.842105263E-02
     1882     0.000000000E+00     1.000000000E-03     6.052631579E-02
     1883     0.000000000E+00     5.000000000E-04     6.315789474E-02
     1884     0.000000000E+00     1.000000000E-03     5.526315789E-02
     1885     0.000000000E+00     5.000000000E-04     5.789473684E-02
     1886     0.000000000E+00     1.000000000E-03     5.000000000E-02
     1887     0.000000000E+00     5.000000000E-04     5.263157895E-02
     1888     0.000000000E+00     1.000000000E-03     4.473684211E-02
     1889     0.000000000E+00     5.000000000E-04     4.736842105E-02
     1890     0.000000000E+00     1.000000000E-03     3.947368421E-02
     1891     0.000000000E+00     5.000000000E-04     4.210526316E-02
     1892     0.000000000E+00     1.000000000E-03     3.421052632E-02
     1893     0.000000000E+00     5.000000000E-04     3.684210526E-02
     1894     0.000000000E+00     1.000000000E-03     2.894736842E-02
     1895     0.000000000E+00     5.000000000E-04     3.157894737E-02
     1896     0.000000000E+00     1.000000000E-03     2.368421053E-02
     1897     0.000000000E+00     5.000000000E-04     2.631578947E-02
     1898     0.000000000E+00     1.000000000E-03     1.842105263E-02
     1899     0.000000000E+00     5.000000000E-04     2.105263158E-02
     1900     0.000000000E+00     1.000000000E-03     1.315789474E-02
     1901     0.000000000E+00     5.000000000E-04     1.578947368E-02
     1902     0.000000000E+00     1.000000000E-03     7.894736842E-03
     1903     0.000000000E+00     5.000000000E-04     1.052631579E-02
     1904     0.000000000E+00     1.000000000E-03     2.631578947E-03
     1905     0.000000000E+00     5.000000000E-04     5.263157895E-03
     1906     2.500000000E-03     1.000000000E-03     0.000000000E+00
     1907     0.000000000E+00     5.000000000E-04     0.000000000E+00
     1908     7.500000000E-03     1.000000000E-03     0.000000000E+00
     1909     5.000000000E-03     5.000000000E-04     1.530808499E-19
     1910     1.250000000E-02     1.000000000E-03     0.000000000E+00
     1911     1.000000000E-02     5.000000000E-04     3.061616998E-19
     1912     1.750000000E-02     1.000000000E-03     0.000000000E+00
     1913     1.500000000E-02     5.000000000E-04     4.592425497E-19
     1914     2.250000000E-02     1.000000000E-03     0.000000000E+00
     1915     2.000000000E-02     5.000000000E-04     6.123233996E-19
     1916     2.750000000E-02     1.000000000E-03     0.000000000E+00
     1917     2.500000000E-02     5.000000000E-04     7.654042495E-19
     1918     3.250000000E-02     1.000000000E-03     0.000000000E+00
     1919     3.000000000E-02     5.000000000E-04     9.184850994E-19
     1920     3.750000000E-02     1.000000000E-03     0.000000000E+00
     1921     3.500000000E-02     5.000000000E-04     1.071565949E-18
     1922     4.000000000E-02     5.000000000E-04     0.000000000E+00
     1923     3.250000000E-02     0.000000000E+00     0.000000000E+00
     1924     3.750000000E-02     0.000000000E+00     0.000000000E+00
     1925     2.750000000E-02     0.000000000E+00     0.000000000E+00
     1926     2.250000000E-02     0.000000000E+00     0.000000000E+00
     1927     1.750000000E-02     0.000000000E+00     0.000000000E+00
     1928     1.250000000E-02     0.000000000E+00     0.000000000E+00
     1929     7.500000000E-03     0.000000000E+00     0.000000000E+00
     1930     2.500000000E-03     0.000000000E+00     0.000000000E+00
     1931     4.000000000E-02     0.000000000E+00     2.631578947E-03
     1932     0.000000000E+00     0.000000000E+00     2.631578947E-03
     1933     0.000000000E+00     0.000000000E+00     7.894736842E-03
     1934     0.000000000E+00     0.000000000E+00     1.315789474E-02
     1935     0.000000000E+00     0.000000000E+00     1.842105263E-02
     1936     0.000000000E+00     0.000000000E+00     2.368421053E-02
     1937     0.000000000E+00     0.000000000E+00     2.894736842E-02
     1938     0.000000000E+00     0.000000000E+00     3.421052632E-02
     1939     0.000000000E+00     0.000000000E+00     3.947368421E-02
     1940     0.000000000E+00     0.000000000E+00     4.473684211E-02
     1941     0.000000000E+00     0.000000000E+00     5.000000000E-02
     1942     0.000000000E+00     0.000000000E+00     5.526315789E-02
     1943     0.000000000E+00     0.000000000E+00     6.052631579E-02
     1944     0.000000000E+00     0.000000000E+00     6.578947368E-02
     1945     0.000000000E+00     0.000000000E+00     7.105263158E-02
     1946     0.000000000E+00     0.000000000E+00     7.631578947E-02
     1947     0.000000000E+00     0.000000000E+00     8.157894737E-02
     1948     0.000000000E+00     0.000000000E+00     8.684210526E-02
     1949     0.000000000E+00     0.000000000E+00     9.210526316E-02
     1950     0.000000000E+00     0.000000000E+00     9.736842105E-02
     1951     2.500000000E-03     0.000000000E+00     1.000000000E-01
     1952     7.500000000E-03     0.000000000E+00     1.000000000E-01
     1953     1.250000000E-02     0.000000000E+00     1.000000000E-01
     1954     1.750000000E-02     0.000000000E+00     1.000000000E-01
     1955     2.250000000E-02     0.000000000E+00     1.000000000E-01
     1956     2.750000000E-02     0.000000000E+00     1.000000000E-01
     1957     3.250000000E-02     0.000000000E+00     1.000000000E-01
     1958     3.750000000E-02     0.000000000E+00     1.000000000E-01
     1959     4.000000000E-02     0.000000000E+00     9.736842105E-02
     1960     4.000000000E-02     0.000000000E+00     9.210526316E-02
     1961     4.000000000E-02     0.000000000E+00     8.684210526E-02
     1962     4.000000000E-02     0.000000000E+00     8.157894737E-02
     1963     4.000000000E-02     0.000000000E+00     7.631578947E-02
     1964     4.000000000E-02     0.000000000E+00     7.105263158E-02
     1965     4.000000000E-02     0.000000000E+00     6.578947368E-02
     1966     4.000000000E-02     0.000000000E+00     6.052631579E-02
     1967     4.000000000E-02     0.000000000E+00     5.526315789E-02
     1968     4.000000000E-02     0.000000000E+00     5.000000000E-02
     1969     4.000000000E-02     0.000000000E+00     4.473684211E-02
     1970     4.000000000E-02     0.000000000E+00     3.947368421E-02
     1971     4.000000000E-02     0.000000000E+00     3.421052632E-02
     1972     4.000000000E-02     0.000000000E+00     2.894736842E-02
     1973     4.000000000E-02     0.000000000E+00     2.368421053E-02
     1974     4.000000000E-02     0.000000000E+00     1.842105263E-02
     1975     4.000000000E-02     0.000000000E+00     1.315789474E-02
     1976     4.000000000E-02     0.000000000E+00     7.894736842E-03
     1977     3.666666667E-02     4.333333333E-03     8.800000000E-02
     1978     3.666666667E-02     7.666666667E-03     8.800000000E-02
     1979     3.666666667E-02     4.333333333E-03     9.100000000E-02
     1980     3.666666667E-02     7.666666667E-03     9.100000000E-02
     1981     3.666666667E-02     4.333333333E-03     9.400000000E-02
     1982     3.666666667E-02     7.666666667E-03     9.400000000E-02
     1983     3.666666667E-02     4.333333333E-03     9.700000000E-02
     1984     3.666666667E-02     7.666666667E-03     9.700000000E-02
     1985     3.333333333E-02     4.333333333E-03     8.800000000E-02
     1986     3.333333333E-02     7.666666667E-03     8.800000000E-02
     1987     3.333333333E-02     4.333333333E-03     9.100000000E-02
     1988     3.333333333E-02     7.666666667E-03     9.100000000E-02
     1989     3.333333333E-02     4.333333333E-03     9.400000000E-02
     1990     3.333333333E-02     7.666666667E-03     9.400000000E-02
     1991     3.333333333E-02     4.333333333E-03     9.700000000E-02
     1992     3.333333333E-02     7.666666667E-03     9.700000000E-02
     1993     3.000000000E-02     4.333333333E-03     8.800000000E-02
     1994     3.000000000E-02     7.666666667E-03     8.800000000E-02
     1995     3.000000000E-02     4.333333333E-03     9.100000000E-02
     1996     3.000000000E-02     7.666666667E-03     9.100000000E-02
     1997     3.000000000E-02     4.333333333E-03     9.400000000E-02
     1998     3.000000000E-02     7.666666667E-03     9.400000000E-02
     1999     3.000000000E-02     4.333333333E-03     9.700000000E-02
     2000     3.000000000E-02     7.666666667E-03     9.700000000E-02
     2001     2.666666667E-02     4.333333333E-03     8.800000000E-02
     2002     2.666666667E-02     7.666666667E-03     8.800000000E-02
     2003     2.666666667E-02     4.333333333E-03     9.100000000E-02
     2004     2.666666667E-02     7.666666667E-03     9.100000000E-02
     2005     2.666666667E-02     4.333333333E-03     9.400000000E-02
     2006     2.666666667E-02     7.666666667E-03     9.400000000E-02
     2007     2.666666667E-02     4.333333333E-03     9.700000000E-02
     2008     2.666666667E-02     7.666666667E-03     9.700000000E-02
     2009     2.333333333E-02     4.333333333E-03     8.800000000E-02
     2010     2.333333333E-02     7.666666667E-03     8.800000000E-02
     2011     2.333333333E-02     4.333333333E-03     9.100000000E-02
     2012     2.333333333E-02     7.666666667E-03     9.100000000E-02
     2013     2.333333333E-02     4.333333333E-03     9.400000000E-02
     2014     2.333333333E-02     7.666666667E-03     9.400000000E-02
     2015     2.333333333E-02     4.333333333E-03     9.700000000E-02
     2016     2.333333333E-02     7.666666667E-03     9.700000000E-02
     2017     2.000000000E-02     4.333333333E-03     8.800000000E-02
     2018     2.000000000E-02     7.666666667E-03     8.800000000E-02
     2019     2.000000000E-02     4.333333333E-03     9.100000000E-02
     2020     2.000000000E-02     7.666666667E-03     9.100000000E-02
     2021     2.000000000E-02     4.333333333E-03     9.400000000E-02
     2022     2.000000000E-02     7.666666667E-03     9.400000000E-02
     2023     2.000000000E-02     4.333333333E-03     9.700000000E-02
     2024     2.000000000E-02     7.666666667E-03     9.700000000E-02
     2025     1.666666667E-02     4.333333333E-03     8.800000000E-02
     2026     1.666666667E-02     7.666666667E-03     8.800000000E-02
     2027     1.666666667E-02     4.333333333E-03     9.100000000E-02
     2028     1.666666667E-02     7.666666667E-03     9.100000000E-02
     2029     1.666666667E-02     4.333333333E-03     9.400000000E-02
     2030     1.666666667E-02     7.666666667E-03     9.400000000E-02
     2031     1.666666667E-02     4.333333333E-03     9.700000000E-02
     2032     1.666666667E-02     7.666666667E-03     9.700000000E-02
     2033     1.333333333E-02     4.333333333E-03     8.800000000E-02
     2034     1.333333333E-02     7.666666667E-03     8.800000000E-02
     2035     1.333333333E-02     4.333333333E-03     9.100000000E-02
     2036     1.333333333E-02     7.666666667E-03     9.100000000E-02
     2037     1.333333333E-02     4.333333333E-03     9.400000000E-02
     2038     1.333333333E-02     7.666666667E-03     9.400000000E-02
     2039     1.333333333E-02     4.333333333E-03     9.700000000E-02
     2040     1.333333333E-02     7.666666667E-03     9.700000000E-02
     2041     1.000000000E-02     4.333333333E-03     8.800000000E-02
     2042     1.000000000E-02     7.666666667E-03     8.800000000E-02
     2043     1.000000000E-02     4.333333333E-03     9.100000000E-02
     2044     1.000000000E-02     7.666666667E-03     9.100000000E-02
     2045     1.000000000E-02     4.333333333E-03     9.400000000E-02
     2046     1.000000000E-02     7.666666667E-03     9.400000000E-02
     2047     1.000000000E-02     4.333333333E-03     9.700000000E-02
     2048     1.000000000E-02     7.666666667E-03     9.700000000E-02
     2049     6.666666667E-03     4.333333333E-03     8.800000000E-02
     2050     6.666666667E-03     7.666666667E-03     8.800000000E-02
     2051     6.666666667E-03     4.333333333E-03     9.100000000E-02
     2052     6.666666667E-03     7.666666667E-03     9.100000000E-02
     2053     6.666666667E-03     4.333333333E-03     9.400000000E-02
     2054     6.666666667E-03     7.666666667E-03     9.400000000E-02
     2055     6.666666667E-03     4.333333333E-03     9.700000000E-02
     2056     6.666666667E-03     7.666666667E-03     9.700000000E-02
     2057     3.333333333E-03     4.333333333E-03     8.800000000E-02
     2058     3.333333333E-03     7.666666667E-03     8.800000000E-02
     2059     3.333333333E-03     4.333333333E-03     9.100000000E-02
     2060     3.333333333E-03     7.666666667E-03     9.100000000E-02
     2061     3.333333333E-03     4.333333333E-03     9.400000000E-02
     2062     3.333333333E-03     7.666666667E-03     9.400000000E-02
     2063     3.333333333E-03     4.333333333E-03     9.700000000E-02
     2064     3.333333333E-03     7.666666667E-03     9.700000000E-02
     2065     3.333333333E-03     1.000000000E-03     9.700000000E-02
     2066     3.333333333E-03     1.000000000E-03     9.400000000E-02
     2067     3.333333333E-03     1.000000000E-03     9.100000000E-02
     2068     3.333333333E-03     1.000000000E-03     8.800000000E-02
     2069     6.666666667E-03     1.000000000E-03     9.700000000E-02
     2070     6.666666667E-03     1.000000000E-03     9.400000000E-02
     2071     6.666666667E-03     1.000000000E-03     9.100000000E-02
     2072     6.666666667E-03     1.000000000E-03     8.800000000E-02
     2073     1.000000000E-02     1.000000000E-03     9.700000000E-02
     2074     1.000000000E-02     1.000000000E-03     9.400000000E-02
     2075     1.000000000E-02     1.000000000E-03     9.100000000E-02
     2076     1.000000000E-02     1.000000000E-03     8.800000000E-02
     2077     1.333333333E-02     1.000000000E-03     9.700000000E-02
     2078     1.333333333E-02     1.000000000E-03     9.400000000E-02
     2079     1.333333333E-02     1.000000000E-03     9.100000000E-02
     2080     1.333333333E-02     1.000000000E-03     8.800000000E-02
     2081     1.666666667E-02     1.000000000E-03     9.700000000E-02
     2082     1.666666667E-02     1.000000000E-03     9.400000000E-02
     2083     1.666666667E-02     1.000000000E-03     9.100000000E-02
     2084     1.666666667E-02     1.000000000E-03     8.800000000E-02
     2085     2.000000000E-02     1.000000000E-03     9.700000000E-02
     2086     2.000000000E-02     1.000000000E-03     9.400000000E-02
     2087     2.000000000E-02     1.000000000E-03     9.100000000E-02
     2088     2.000000000E-02     1.000000000E-03     8.800000000E-02
     2089     2.333333333E-02     1.000000000E-03     9.700000000E-02
     2090     2.333333333E-02     1.000000000E-03     9.400000000E-02
     2091     2.333333333E-02     1.000000000E-03     9.100000000E-02
     2092     2.333333333E-02     1.000000000E-03     8.800000000E-02
     2093     2.666666667E-02     1.000000000E-03     9.700000000E-02
     2094     2.666666667E-02     1.000000000E-03     9.400000000E-02
     2095     2.666666667E-02     1.000000000E-03     9.100000000E-02
     2096     2.666666667E-02     1.000000000E-03     8.800000000E-02
     2097     3.000000000E-02     1.000000000E-03     9.700000000E-02
     2098     3.000000000E-02     1.000000000E-03     9.400000000E-02
     2099     3.000000000E-02     1.000000000E-03     9.100000000E-02
     2100     3.000000000E-02     1.000000000E-03     8.800000000E-02
     2101     3.333333333E-02     1.000000000E-03     9.700000000E-02
     2102     3.333333333E-02     1.000000000E-03     9.400000000E-02
     2103     3.333333333E-02     1.000000000E-03     9.100000000E-02
     2104     3.333333333E-02     1.000000000E-03     8.800000000E-02
     2105     3.666666667E-02     1.000000000E-03     9.700000000E-02
     2106     3.666666667E-02     1.000000000E-03     9.400000000E-02
     2107     3.666666667E-02     1.000000000E-03     9.100000000E-02
     2108     3.666666667E-02     1.000000000E-03     8.800000000E-02
     2109     3.666666667E-02     1.100000000E-02     8.800000000E-02
     2110     3.666666667E-02     1.100000000E-02     9.100000000E-02
     2111     3.666666667E-02     1.100000000E-02     9.400000000E-02
     2112     3.666666667E-02     1.100000000E-02     9.700000000E-02
     2113     3.333333333E-02     1.100000000E-02     8.800000000E-02
     2114     3.333333333E-02     1.100000000E-02     9.100000000E-02
     2115     3.333333333E-02     1.100000000E-02     9.400000000E-02
     2116     3.333333333E-02     1.100000000E-02     9.700000000E-02
     2117     3.000000000E-02     1.100000000E-02     8.800000000E-02
     2118     3.000000000E-02     1.100000000E-02     9.100000000E-02
     2119     3.000000000E-02     1.100000000E-02     9.400000000E-02
     2120     3.000000000E-02     1.100000000E-02     9.700000000E-02
     2121     2.666666667E-02     1.100000000E-02     8.800000000E-02
     2122     2.666666667E-02     1.100000000E-02     9.100000000E-02
     2123     2.666666667E-02     1.100000000E-02     9.400000000E-02
     2124     2.666666667E-02     1.100000000E-02     9.700000000E-02
     2125     2.333333333E-02     1.100000000E-02     8.800000000E-02
     2126     2.333333333E-02     1.100000000E-02     9.100000000E-02
     2127     2.333333333E-02     1.100000000E-02     9.400000000E-02
     2128     2.333333333E-02     1.100000000E-02     9.700000000E-02
     2129     2.000000000E-02     1.100000000E-02     8.800000000E-02
     2130     2.000000000E-02     1.100000000E-02     9.100000000E-02
     2131     2.000000000E-02     1.100000000E-02     9.400000000E-02
     2132     2.000000000E-02     1.100000000E-02     9.700000000E-02
     2133     1.666666667E-02     1.100000000E-02     8.800000000E-02
     2134     1.666666667E-02     1.100000000E-02     9.100000000E-02
     2135     1.666666667E-02     1.100000000E-02     9.400000000E-02
     2136     1.666666667E-02     1.100000000E-02     9.700000000E-02
     2137     1.333333333E-02     1.100000000E-02     8.800000000E-02
     2138     1.333333333E-02     1.100000000E-02     9.100000000E-02
     2139     1.333333333E-02     1.100000000E-02     9.400000000E-02
     2140     1.333333333E-02     1.100000000E-02     9.700000000E-02
     2141     1.000000000E-02     1.100000000E-02     8.800000000E-02
     2142     1.000000000E-02     1.100000000E-02     9.100000000E-02
     2143     1.000000000E-02     1.100000000E-02     9.400000000E-02
     2144     1.000000000E-02     1.100000000E-02     9.700000000E-02
     2145     6.666666667E-03     1.100000000E-02     8.800000000E-02
     2146     6.666666667E-03     1.100000000E-02     9.100000000E-02
     2147     6.666666667E-03     1.100000000E-02     9.400000000E-02
     2148     6.666666667E-03     1.100000000E-02     9.700000000E-02
     2149     3.333333333E-03     1.100000000E-02     8.800000000E-02
     2150     3.333333333E-03     1.100000000E-02     9.100000000E-02
     2151     3.333333333E-03     1.100000000E-02     9.400000000E-02
     2152     3.333333333E-03     1.100000000E-02     9.700000000E-02
     2153     0.000000000E+00     1.100000000E-02     9.700000000E-02
     2154     0.000000000E+00     1.100000000E-02     9.400000000E-02
     2155     0.000000000E+00     1.100000000E-02     9.100000000E-02
     2156     0.000000000E+00     1.100000000E-02     8.800000000E-02
     2157     0.000000000E+00     1.100000000E-02     8.500000000E-02
     2158     3.333333333E-03     1.100000000E-02     8.500000000E-02
     2159     6.666666667E-03     1.100000000E-02     8.500000000E-02
     2160     1.000000000E-02     1.100000000E-02     8.500000000E-02
     2161     1.333333333E-02     1.100000000E-02     8.500000000E-02
     2162     1.666666667E-02     1.100000000E-02     8.500000000E-02
     2163     2.000000000E-02     1.100000000E-02     8.500000000E-02
     2164     2.333333333E-02     1.100000000E-02     8.500000000E-02
     2165     2.666666667E-02     1.100000000E-02     8.500000000E-02
     2166     3.000000000E-02     1.100000000E-02     8.500000000E-02
     2167     3.333333333E-02     1.100000000E-02     8.500000000E-02
     2168     3.666666667E-02     1.100000000E-02     8.500000000E-02
     2169     4.000000000E-02     1.100000000E-02     8.500000000E-02
     2170     4.000000000E-02     1.100000000E-02     8.800000000E-02
     2171     4.000000000E-02     1.100000000E-02     9.100000000E-02
     2172     4.000000000E-02     1.100000000E-02     9.400000000E-02
     2173     4.000000000E-02     1.100000000E-02     9.700000000E-02
     2174     4.000000000E-02     1.100000000E-02     1.000000000E-01
     2175     3.666666667E-02     1.100000000E-02     1.000000000E-01
     2176     3.333333333E-02     1.100000000E-02     1.000000000E-01
     2177     3.000000000E-02     1.100000000E-02     1.000000000E-01
     2178     2.666666667E-02     1.100000000E-02     1.000000000E-01
     2179     2.333333333E-02     1.100000000E-02     1.000000000E-01
     2180     2.000000000E-02     1.100000000E-02     1.000000000E-01
     2181     1.666666667E-02     1.100000000E-02     1.000000000E-01
     2182     1.333333333E-02     1.100000000E-02     1.000000000E-01
     2183     1.000000000E-02     1.100000000E-02     1.000000000E-01
     2184     6.666666667E-03     1.100000000E-02     1.000000000E-01
     2185     3.333333333E-03     1.100000000E-02     1.000000000E-01
     2186     0.000000000E+00     1.100000000E-02     1.000000000E-01
     2187     3.666666667E-02     7.666666667E-03     1.000000000E-01
     2188     3.666666667E-02     4.333333333E-03     1.000000000E-01
     2189     3.333333333E-02     7.666666667E-03     1.000000000E-01
     2190     3.333333333E-02     4.333333333E-03     1.000000000E-01
     2191     3.000000000E-02     7.666666667E-03     1.000000000E-01
     2192     3.000000000E-02     4.333333333E-03     1.000000000E-01
     2193     2.666666667E-02     7.666666667E-03     1.000000000E-01
     2194     2.666666667E-02     4.333333333E-03     1.000000000E-01
     2195     2.333333333E-02     7.666666667E-03     1.000000000E-01
     2196     2.333333333E-02     4.333333333E-03     1.000000000E-01
     2197     2.000000000E-02     7.666666667E-03     1.000000000E-01
     2198     2.000000000E-02     4.333333333E-03     1.000000000E-01
     2199     1.666666667E-02     7.666666667E-03     1.000000000E-01
     2200     1.666666667E-02     4.333333333E-03     1.000000000E-01
     2201     1.333333333E-02     7.666666667E-03     1.000000000E-01
     2202     1.333333333E-02     4.333333333E-03     1.000000000E-01
     2203     1.000000000E-02     7.666666667E-03     1.000000000E-01
     2204     1.000000000E-02     4.333333333E-03     1.000000000E-01
     2205     6.666666667E-03     7.666666667E-03     1.000000000E-01
     2206     6.666666667E-03     4.333333333E-03     1.000000000E-01
     2207     3.333333333E-03     7.666666667E-03     1.000000000E-01
     2208     3.333333333E-03     4.333333333E-03     1.000000000E-01
     2209     3.333333333E-03     1.000000000E-03     1.000000000E-01
     2210     6.666666667E-03     1.000000000E-03     1.000000000E-01
     2211     1.000000000E-02     1.000000000E-03     1.000000000E-01
     2212     1.333333333E-02     1.000000000E-03     1.000000000E-01
     2213     1.666666667E-02     1.000000000E-03     1.000000000E-01
     2214     2.000000000E-02     1.000000000E-03     1.000000000E-01
     2215     2.333333333E-02     1.000000000E-03     1.000000000E-01
     2216     2.666666667E-02     1.000000000E-03     1.000000000E-01
     2217     3.000000000E-02     1.000000000E-03     1.000000000E-01
     2218     3.333333333E-02     1.000000000E-03     1.000000000E-01
     2219     3.666666667E-02     1.000000000E-03     1.000000000E-01
     2220     0.000000000E+00     1.000000000E-03     1.000000000E-01
     2221     0.000000000E+00     4.333333333E-03     1.000000000E-01
     2222     0.000000000E+00     7.666666667E-03     1.000000000E-01
     2223     4.000000000E-02     1.000000000E-03     1.000000000E-01
     2224     4.000000000E-02     4.333333333E-03     1.000000000E-01
     2225     4.000000000E-02     7.666666667E-03     1.000000000E-01
     2226     4.000000000E-02     4.333333333E-03     8.800000000E-02
     2227     4.000000000E-02     4.333333333E-03     9.100000000E-02
     2228     4.000000000E-02     4.333333333E-03     9.400000000E-02
     2229     4.000000000E-02     4.333333333E-03     9.700000000E-02
     2230     4.000000000E-02     7.666666667E-03     8.800000000E-02
     2231     4.000000000E-02     7.666666667E-03     9.100000000E-02
     2232     4.000000000E-02     7.666666667E-03     9.400000000E-02
     2233     4.000000000E-02     7.666666667E-03     9.700000000E-02
     2234     4.000000000E-02     1.000000000E-03     9.700000000E-02
     2235     4.000000000E-02     1.000000000E-03     9.400000000E-02
     2236     4.000000000E-02     1.000000000E-03     9.100000000E-02
     2237     4.000000000E-02     1.000000000E-03     8.800000000E-02
     2238     4.000000000E-02     1.000000000E-03     8.500000000E-02
     2239     4.000000000E-02     4.333333333E-03     8.500000000E-02
     2240     4.000000000E-02     7.666666667E-03     8.500000000E-02
     2241     3.333333333E-03     4.333333333E-03     8.500000000E-02
     2242     6.666666667E-03     4.333333333E-03     8.500000000E-02
     2243     1.000000000E-02     4.333333333E-03     8.500000000E-02
     2244     1.333333333E-02     4.333333333E-03     8.500000000E-02
     2245     1.666666667E-02     4.333333333E-03     8.500000000E-02
     2246     2.000000000E-02     4.333333333E-03     8.500000000E-02
     2247     2.333333333E-02     4.333333333E-03     8.500000000E-02
     2248     2.666666667E-02     4.333333333E-03     8.500000000E-02
     2249     3.000000000E-02     4.333333333E-03     8.500000000E-02
     2250     3.333333333E-02     4.333333333E-03     8.500000000E-02
     2251     3.666666667E-02     4.333333333E-03     8.500000000E-02
     2252     3.333333333E-03     7.666666667E-03     8.500000000E-02
     2253     6.666666667E-03     7.666666667E-03     8.500000000E-02
     2254     1.000000000E-02     7.666666667E-03     8.500000000E-02
     2255     1.333333333E-02     7.666666667E-03     8.500000000E-02
     2256     1.666666667E-02     7.666666667E-03     8.500000000E-02
     2257     2.000000000E-02     7.666666667E-03     8.500000000E-02
     2258     2.333333333E-02     7.666666667E-03     8.500000000E-02
     2259     2.666666667E-02     7.666666667E-03     8.500000000E-02
     2260     3.000000000E-02     7.666666667E-03     8.500000000E-02
     2261     3.333333333E-02     7.666666667E-03     8.500000000E-02
     2262     3.666666667E-02     7.666666667E-03     8.500000000E-02
     2263     3.666666667E-02     1.000000000E-03     8.500000000E-02
     2264     3.333333333E-02     1.000000000E-03     8.500000000E-02
     2265     3.000000000E-02     1.000000000E-03     8.500000000E-02
     2266     2.666666667E-02     1.000000000E-03     8.500000000E-02
     2267     2.333333333E-02     1.000000000E-03     8.500000000E-02
     2268     2.000000000E-02     1.000000000E-03     8.500000000E-02
     2269     1.666666667E-02     1.000000000E-03     8.500000000E-02
     2270     1.333333333E-02     1.000000000E-03     8.500000000E-02
     2271     1.000000000E-02     1.000000000E-03     8.500000000E-02
     2272     6.666666667E-03     1.000000000E-03     8.500000000E-02
     2273     3.333333333E-03     1.000000000E-03     8.500000000E-02
     2274     0.000000000E+00     1.000000000E-03     8.500000000E-02
     2275     0.000000000E+00     4.333333333E-03     8.500000000E-02
     2276     0.000000000E+00     7.666666667E-03     8.500000000E-02
     2277     4.163336342E-19     7.666666667E-03     8.800000000E-02
     2278     8.326672685E-19     7.666666667E-03     9.100000000E-02
     2279     1.249000903E-18     7.666666667E-03     9.400000000E-02
     2280     1.665334537E-18     7.666666667E-03     9.700000000E-02
     2281     4.163336342E-19     4.333333333E-03     8.800000000E-02
     2282     8.326672685E-19     4.333333333E-03     9.100000000E-02
     2283     1.249000903E-18     4.333333333E-03     9.400000000E-02
     2284     1.665334537E-18     4.333333333E-03     9.700000000E-02
     2285     0.000000000E+00     1.000000000E-03     8.800000000E-02
     2286     0.000000000E+00     1.000000000E-03     9.100000000E-02
     2287     0.000000000E+00     1.000000000E-03     9.400000000E-02
     2288     0.000000000E+00     1.000000000E-03     9.700000000E-02
     2289     3.666666667E-02     6.000000000E-03     8.800000000E-02
     2290     3.666666667E-02     4.333333333E-03     8.950000000E-02
     2291     3.500000000E-02     4.333333333E-03     8.800000000E-02
     2292     3.666666667E-02     2.666666667E-03     8.800000000E-02
     2293     3.833333333E-02     4.333333333E-03     8.800000000E-02
     2294     3.666666667E-02     4.333333333E-03     8.650000000E-02
     2295     3.666666667E-02     7.666666667E-03     8.950000000E-02
     2296     3.500000000E-02     7.666666667E-03     8.800000000E-02
     2297     3.666666667E-02     9.333333333E-03     8.800000000E-02
     2298     3.833333333E-02     7.666666667E-03     8.800000000E-02
     2299     3.666666667E-02     7.666666667E-03     8.650000000E-02
     2300     3.666666667E-02     6.000000000E-03     9.100000000E-02
     2301     3.666666667E-02     4.333333333E-03     9.250000000E-02
     2302     3.500000000E-02     4.333333333E-03     9.100000000E-02
     2303     3.666666667E-02     2.666666667E-03     9.100000000E-02
     2304     3.833333333E-02     4.333333333E-03     9.100000000E-02
     2305     3.666666667E-02     7.666666667E-03     9.250000000E-02
     2306     3.500000000E-02     7.666666667E-03     9.100000000E-02
     2307     3.666666667E-02     9.333333333E-03     9.100000000E-02
     2308     3.833333333E-02     7.666666667E-03     9.100000000E-02
     2309     3.666666667E-02     6.000000000E-03     9.400000000E-02
     2310     3.666666667E-02     4.333333333E-03     9.550000000E-02
     2311     3.500000000E-02     4.333333333E-03     9.400000000E-02
     2312     3.666666667E-02     2.666666667E-03     9.400000000E-02
     2313     3.833333333E-02     4.333333333E-03     9.400000000E-02
     2314     3.666666667E-02     7.666666667E-03     9.550000000E-02
     2315     3.500000000E-02     7.666666667E-03     9.400000000E-02
     2316     3.666666667E-02     9.333333333E-03     9.400000000E-02
     2317     3.833333333E-02     7.666666667E-03     9.400000000E-02
     2318     3.666666667E-02     6.000000000E-03     9.700000000E-02
     2319     3.500000000E-02     4.333333333E-03     9.700000000E-02
     2320     3.666666667E-02     2.666666667E-03     9.700000000E-02
     2321     3.666666667E-02     4.333333333E-03     9.850000000E-02
     2322     3.833333333E-02     4.333333333E-03     9.700000000E-02
     2323     3.500000000E-02     7.666666667E-03     9.700000000E-02
     2324     3.666666667E-02     9.333333333E-03     9.700000000E-02
     2325     3.666666667E-02     7.666666667E-03     9.850000000E-02
     2326     3.833333333E-02     7.666666667E-03     9.700000000E-02
     2327     3.333333333E-02     6.000000000E-03     8.800000000E-02
     2328     3.333333333E-02     4.333333333E-03     8.950000000E-02
     2329     3.166666667E-02     4.333333333E-03     8.800000000E-02
     2330     3.333333333E-02     2.666666667E-03     8.800000000E-02
     2331     3.333333333E-02     4.333333333E-03     8.650000000E-02
     2332     3.333333333E-02     7.666666667E-03     8.950000000E-02
     2333     3.166666667E-02     7.666666667E-03     8.800000000E-02
     2334     3.333333333E-02     9.333333333E-03     8.800000000E-02
     2335     3.333333333E-02     7.666666667E-03     8.650000000E-02
     2336     3.333333333E-02     6.000000000E-03     9.100000000E-02
     2337     3.333333333E-02     4.333333333E-03     9.250000000E-02
     2338     3.166666667E-02     4.333333333E-03     9.100000000E-02
     2339     3.333333333E-02     2.666666667E-03     9.100000000E-02
     2340     3.333333333E-02     7.666666667E-03     9.250000000E-02
     2341     3.166666667E-02     7.666666667E-03     9.100000000E-02
     2342     3.333333333E-02     9.333333333E-03     9.100000000E-02
     2343     3.333333333E-02     6.000000000E-03     9.400000000E-02
     2344     3.333333333E-02     4.333333333E-03     9.550000000E-02
     2345     3.166666667E-02     4.333333333E-03     9.400000000E-02
     2346     3.333333333E-02     2.666666667E-03     9.400000000E-02
     2347     3.333333333E-02     7.666666667E-03     9.550000000E-02
     2348     3.166666667E-02     7.666666667E-03     9.400000000E-02
     2349     3.333333333E-02     9.333333333E-03     9.400000000E-02
     2350     3.333333333E-02     6.000000000E-03     9.700000000E-02
     2351     3.166666667E-02     4.333333333E-03     9.700000000E-02
     2352     3.333333333E-02     2.666666667E-03     9.700000000E-02
     2353     3.333333333E-02     4.333333333E-03     9.850000000E-02
     2354     3.166666667E-02     7.666666667E-03     9.700000000E-02
     2355     3.333333333E-02     9.333333333E-03     9.700000000E-02
     2356     3.333333333E-02     7.666666667E-03     9.850000000E-02
     2357     3.000000000E-02     6.000000000E-03     8.800000000E-02
     2358     3.000000000E-02     4.333333333E-03     8.950000000E-02
     2359     2.833333333E-02     4.333333333E-03     8.800000000E-02
     2360     3.000000000E-02     2.666666667E-03     8.800000000E-02
     2361     3.000000000E-02     4.333333333E-03     8.650000000E-02
     2362     3.000000000E-02     7.666666667E-03     8.950000000E-02
     2363     2.833333333E-02     7.666666667E-03     8.800000000E-02
     2364     3.000000000E-02     9.333333333E-03     8.800000000E-02
     2365     3.000000000E-02     7.666666667E-03     8.650000000E-02
     2366     3.000000000E-02     6.000000000E-03     9.100000000E-02
     2367     3.000000000E-02     4.333333333E-03     9.250000000E-02
     2368     2.833333333E-02     4.333333333E-03     9.100000000E-02
     2369     3.000000000E-02     2.666666667E-03     9.100000000E-02
     2370     3.000000000E-02     7.666666667E-03     9.250000000E-02
     2371     2.833333333E-02     7.666666667E-03     9.100000000E-02
     2372     3.000000000E-02     9.333333333E-03     9.100000000E-02
     2373     3.000000000E-02     6.000000000E-03     9.400000000E-02
     2374     3.000000000E-02     4.333333333E-03     9.550000000E-02
     2375     2.833333333E-02     4.333333333E-03     9.400000000E-02
     2376     3.000000000E-02     2.666666667E-03     9.400000000E-02
     2377     3.000000000E-02     7.666666667E-03     9.550000000E-02
     2378     2.833333333E-02     7.666666667E-03     9.400000000E-02
     2379     3.000000000E-02     9.333333333E-03     9.400000000E-02
     2380     3.000000000E-02     6.000000000E-03     9.700000000E-02
     2381     2.833333333E-02     4.333333333E-03     9.700000000E-02
     2382     3.000000000E-02     2.666666667E-03     9.700000000E-02
     2383     3.000000000E-02     4.333333333E-03     9.850000000E-02
     2384     2.833333333E-02     7.666666667E-03     9.700000000E-02
     2385     3.000000000E-02     9.333333333E-03     9.700000000E-02
     2386     3.000000000E-02     7.666666667E-03     9.850000000E-02
     2387     2.666666667E-02     6.000000000E-03     8.800000000E-02
     2388     2.666666667E-02     4.333333333E-03     8.950000000E-02
     2389     2.500000000E-02     4.333333333E-03     8.800000000E-02
     2390     2.666666667E-02     2.666666667E-03     8.800000000E-02
     2391     2.666666667E-02     4.333333333E-03     8.650000000E-02
     2392     2.666666667E-02     7.666666667E-03     8.950000000E-02
     2393     2.500000000E-02     7.666666667E-03     8.800000000E-02
     2394     2.666666667E-02     9.333333333E-03     8.800000000E-02
     2395     2.666666667E-02     7.666666667E-03     8.650000000E-02
     2396     2.666666667E-02     6.000000000E-03     9.100000000E-02
     2397     2.666666667E-02     4.333333333E-03     9.250000000E-02
     2398     2.500000000E-02     4.333333333E-03     9.100000000E-02
     2399     2.666666667E-02     2.666666667E-03     9.100000000E-02
     2400     2.666666667E-02     7.666666667E-03     9.250000000E-02
     2401     2.500000000E-02     7.666666667E-03     9.100000000E-02
     2402     2.666666667E-02     9.333333333E-03     9.100000000E-02
     2403     2.666666667E-02     6.000000000E-03     9.400000000E-02
     2404     2.666666667E-02     4.333333333E-03     9.550000000E-02
     2405     2.500000000E-02     4.333333333E-03     9.400000000E-02
     2406     2.666666667E-02     2.666666667E-03     9.400000000E-02
     2407     2.666666667E-02     7.666666667E-03     9.550000000E-02
     2408     2.500000000E-02     7.666666667E-03     9.400000000E-02
     2409     2.666666667E-02     9.333333333E-03     9.400000000E-02
     2410     2.666666667E-02     6.000000000E-03     9.700000000E-02
     2411     2.500000000E-02     4.333333333E-03     9.700000000E-02
     2412     2.666666667E-02     2.666666667E-03     9.700000000E-02
     2413     2.666666667E-02     4.333333333E-03     9.850000000E-02
     2414     2.500000000E-02     7.666666667E-03     9.700000000E-02
     2415     2.666666667E-02     9.333333333E-03     9.700000000E-02
     2416     2.666666667E-02     7.666666667E-03     9.850000000E-02
     2417     2.333333333E-02     6.000000000E-03     8.800000000E-02
     2418     2.333333333E-02     4.333333333E-03     8.950000000E-02
     2419     2.166666667E-02     4.333333333E-03     8.800000000E-02
     2420     2.333333333E-02     2.666666667E-03     8.800000000E-02
     2421     2.333333333E-02     4.333333333E-03     8.650000000E-02
     2422     2.333333333E-02     7.666666667E-03     8.950000000E-02
     2423     2.166666667E-02     7.666666667E-03     8.800000000E-02
     2424     2.333333333E-02     9.333333333E-03     8.800000000E-02
     2425     2.333333333E-02     7.666666667E-03     8.650000000E-02
     2426     2.333333333E-02     6.000000000E-03     9.100000000E-02
     2427     2.333333333E-02     4.333333333E-03     9.250000000E-02
     2428     2.166666667E-02     4.333333333E-03     9.100000000E-02
     2429     2.333333333E-02     2.666666667E-03     9.100000000E-02
     2430     2.333333333E-02     7.666666667E-03     9.250000000E-02
     2431     2.166666667E-02     7.666666667E-03     9.100000000E-02
     2432     2.333333333E-02     9.333333333E-03     9.100000000E-02
     2433     2.333333333E-02     6.000000000E-03     9.400000000E-02
     2434     2.333333333E-02     4.333333333E-03     9.550000000E-02
     2435     2.166666667E-02     4.333333333E-03     9.400000000E-02
     2436     2.333333333E-02     2.666666667E-03     9.400000000E-02
     2437     2.333333333E-02     7.666666667E-03     9.550000000E-02
     2438     2.166666667E-02     7.666666667E-03     9.400000000E-02
     2439     2.333333333E-02     9.333333333E-03     9.400000000E-02
     2440     2.333333333E-02     6.000000000E-03     9.700000000E-02
     2441     2.166666667E-02     4.333333333E-03     9.700000000E-02
     2442     2.333333333E-02     2.666666667E-03     9.700000000E-02
     2443     2.333333333E-02     4.333333333E-03     9.850000000E-02
     2444     2.166666667E-02     7.666666667E-03     9.700000000E-02
     2445     2.333333333E-02     9.333333333E-03     9.700000000E-02
     2446     2.333333333E-02     7.666666667E-03     9.850000000E-02
     2447     2.000000000E-02     6.000000000E-03     8.800000000E-02
     2448     2.000000000E-02     4.333333333E-03     8.950000000E-02
     2449     1.833333333E-02     4.333333333E-03     8.800000000E-02
     2450     2.000000000E-02     2.666666667E-03     8.800000000E-02
     2451     2.000000000E-02     4.333333333E-03     8.650000000E-02
     2452     2.000000000E-02     7.666666667E-03     8.950000000E-02
     2453     1.833333333E-02     7.666666667E-03     8.800000000E-02
     2454     2.000000000E-02     9.333333333E-03     8.800000000E-02
     2455     2.000000000E-02     7.666666667E-03     8.650000000E-02
     2456     2.000000000E-02     6.000000000E-03     9.100000000E-02
     2457     2.000000000E-02     4.333333333E-03     9.250000000E-02
     2458     1.833333333E-02     4.333333333E-03     9.100000000E-02
     2459     2.000000000E-02     2.666666667E-03     9.100000000E-02
     2460     2.000000000E-02     7.666666667E-03     9.250000000E-02
     2461     1.833333333E-02     7.666666667E-03     9.100000000E-02
     2462     2.000000000E-02     9.333333333E-03     9.100000000E-02
     2463     2.000000000E-02     6.000000000E-03     9.400000000E-02
     2464     2.000000000E-02     4.333333333E-03     9.550000000E-02
     2465     1.833333333E-02     4.333333333E-03     9.400000000E-02
     2466     2.000000000E-02     2.666666667E-03     9.400000000E-02
     2467     2.000000000E-02     7.666666667E-03     9.550000000E-02
     2468     1.833333333E-02     7.666666667E-03     9.400000000E-02
     2469     2.000000000E-02     9.333333333E-03     9.400000000E-02
     2470     2.000000000E-02     6.000000000E-03     9.700000000E-02
     2471     1.833333333E-02     4.333333333E-03     9.700000000E-02
     2472     2.000000000E-02     2.666666667E-03     9.700000000E-02
     2473     2.000000000E-02     4.333333333E-03     9.850000000E-02
     2474     1.833333333E-02     7.666666667E-03     9.700000000E-02
     2475     2.000000000E-02     9.333333333E-03     9.700000000E-02
     2476     2.000000000E-02     7.666666667E-03     9.850000000E-02
     2477     1.666666667E-02     6.000000000E-03     8.800000000E-02
     2478     1.666666667E-02     4.333333333E-03     8.950000000E-02
     2479     1.500000000E-02     4.333333333E-03     8.800000000E-02
     2480     1.666666667E-02     2.666666667E-03     8.800000000E-02
     2481     1.666666667E-02     4.333333333E-03     8.650000000E-02
     2482     1.666666667E-02     7.666666667E-03     8.950000000E-02
     2483     1.500000000E-02     7.666666667E-03     8.800000000E-02
     2484     1.666666667E-02     9.333333333E-03     8.800000000E-02
     2485     1.666666667E-02     7.666666667E-03     8.650000000E-02
     2486     1.666666667E-02     6.000000000E-03     9.100000000E-02
     2487     1.666666667E-02     4.333333333E-03     9.250000000E-02
     2488     1.500000000E-02     4.333333333E-03     9.100000000E-02
     2489     1.666666667E-02     2.666666667E-03     9.100000000E-02
     2490     1.666666667E-02     7.666666667E-03     9.250000000E-02
     2491     1.500000000E-02     7.666666667E-03     9.100000000E-02
     2492     1.666666667E-02     9.333333333E-03     9.100000000E-02
     2493     1.666666667E-02     6.000000000E-03     9.400000000E-02
     2494     1.666666667E-02     4.333333333E-03     9.550000000E-02
     2495     1.500000000E-02     4.333333333E-03     9.400000000E-02
     2496     1.666666667E-02     2.666666667E-03     9.400000000E-02
     2497     1.666666667E-02     7.666666667E-03     9.550000000E-02
     2498     1.500000000E-02     7.666666667E-03     9.400000000E-02
     2499     1.666666667E-02     9.333333333E-03     9.400000000E-02
     2500     1.666666667E-02     6.000000000E-03     9.700000000E-02
     2501     1.500000000E-02     4.333333333E-03     9.700000000E-02
     2502     1.666666667E-02     2.666666667E-03     9.700000000E-02
     2503     1.666666667E-02     4.333333333E-03     9.850000000E-02
     2504     1.500000000E-02     7.666666667E-03     9.700000000E-02
     2505     1.666666667E-02     9.333333333E-03     9.700000000E-02
     2506     1.666666667E-02     7.666666667E-03     9.850000000E-02
     2507     1.333333333E-02     6.000000000E-03     8.800000000E-02
     2508     1.333333333E-02     4.333333333E-03     8.950000000E-02
     2509     1.166666667E-02     4.333333333E-03     8.800000000E-02
     2510     1.333333333E-02     2.666666667E-03     8.800000000E-02
     2511     1.333333333E-02     4.333333333E-03     8.650000000E-02
     2512     1.333333333E-02     7.666666667E-03     8.950000000E-02
     2513     1.166666667E-02     7.666666667E-03     8.800000000E-02
     2514     1.333333333E-02     9.333333333E-03     8.800000000E-02
     2515     1.333333333E-02     7.666666667E-03     8.650000000E-02
     2516     1.333333333E-02     6.000000000E-03     9.100000000E-02
     2517     1.333333333E-02     4.333333333E-03     9.250000000E-02
     2518     1.166666667E-02     4.333333333E-03     9.100000000E-02
     2519     1.333333333E-02     2.666666667E-03     9.100000000E-02
     2520     1.333333333E-02     7.666666667E-03     9.250000000E-02
     2521     1.166666667E-02     7.666666667E-03     9.100000000E-02
     2522     1.333333333E-02     9.333333333E-03     9.100000000E-02
     2523     1.333333333E-02     6.000000000E-03     9.400000000E-02
     2524     1.333333333E-02     4.333333333E-03     9.550000000E-02
     2525     1.166666667E-02     4.333333333E-03     9.400000000E-02
     2526     1.333333333E-02     2.666666667E-03     9.400000000E-02
     2527     1.333333333E-02     7.666666667E-03     9.550000000E-02
     2528     1.166666667E-02     7.666666667E-03     9.400000000E-02
     2529     1.333333333E-02     9.333333333E-03     9.400000000E-02
     2530     1.333333333E-02     6.000000000E-03     9.700000000E-02
     2531     1.166666667E-02     4.333333333E-03     9.700000000E-02
     2532     1.333333333E-02     2.666666667E-03     9.700000000E-02
     2533     1.333333333E-02     4.333333333E-03     9.850000000E-02
     2534     1.166666667E-02     7.666666667E-03     9.700000000E-02
     2535     1.333333333E-02     9.333333333E-03     9.700000000E-02
     2536     1.333333333E-02     7.666666667E-03     9.850000000E-02
     2537     1.000000000E-02     6.000000000E-03     8.800000000E-02
     2538     1.000000000E-02     4.333333333E-03     8.950000000E-02
     2539     8.333333333E-03     4.333333333E-03     8.800000000E-02
     2540     1.000000000E-02     2.666666667E-03     8.800000000E-02
     2541     1.000000000E-02     4.333333333E-03     8.650000000E-02
     2542     1.000000000E-02     7.666666667E-03     8.950000000E-02
     2543     8.333333333E-03     7.666666667E-03     8.800000000E-02
     2544     1.000000000E-02     9.333333333E-03     8.800000000E-02
     2545     1.000000000E-02     7.666666667E-03     8.650000000E-02
     2546     1.000000000E-02     6.000000000E-03     9.100000000E-02
     2547     1.000000000E-02     4.333333333E-03     9.250000000E-02
     2548     8.333333333E-03     4.333333333E-03     9.100000000E-02
     2549     1.000000000E-02     2.666666667E-03     9.100000000E-02
     2550     1.000000000E-02     7.666666667E-03     9.250000000E-02
     2551     8.333333333E-03     7.666666667E-03     9.100000000E-02
     2552     1.000000000E-02     9.333333333E-03     9.100000000E-02
     2553     1.000000000E-02     6.000000000E-03     9.400000000E-02
     2554     1.000000000E-02     4.333333333E-03     9.550000000E-02
     2555     8.333333333E-03     4.333333333E-03     9.400000000E-02
     2556     1.000000000E-02     2.666666667E-03     9.400000000E-02
     2557     1.000000000E-02     7.666666667E-03     9.550000000E-02
     2558     8.333333333E-03     7.666666667E-03     9.400000000E-02
     2559     1.000000000E-02     9.333333333E-03     9.400000000E-02
     2560     1.000000000E-02     6.000000000E-03     9.700000000E-02
     2561     8.333333333E-03     4.333333333E-03     9.700000000E-02
     2562     1.000000000E-02     2.666666667E-03     9.700000000E-02
     2563     1.000000000E-02     4.333333333E-03     9.850000000E-02
     2564     8.333333333E-03     7.666666667E-03     9.700000000E-02
     2565     1.000000000E-02     9.333333333E-03     9.700000000E-02
     2566     1.000000000E-02     7.666666667E-03     9.850000000E-02
     2567     6.666666667E-03     6.000000000E-03     8.800000000E-02
     2568     6.666666667E-03     4.333333333E-03     8.950000000E-02
     2569     5.000000000E-03     4.333333333E-03     8.800000000E-02
     2570     6.666666667E-03     2.666666667E-03     8.800000000E-02
     2571     6.666666667E-03     4.333333333E-03     8.650000000E-02
     2572     6.666666667E-03     7.666666667E-03     8.950000000E-02
     2573     5.000000000E-03     7.666666667E-03     8.800000000E-02
     2574     6.666666667E-03     9.333333333E-03     8.800000000E-02
     2575     6.666666667E-03     7.666666667E-03     8.650000000E-02
     2576     6.666666667E-03     6.000000000E-03     9.100000000E-02
     2577     6.666666667E-03     4.333333333E-03     9.250000000E-02
     2578     5.000000000E-03     4.333333333E-03     9.100000000E-02
     2579     6.666666667E-03     2.666666667E-03     9.100000000E-02
     2580     6.666666667E-03     7.666666667E-03     9.250000000E-02
     2581     5.000000000E-03     7.666666667E-03     9.100000000E-02
     2582     6.666666667E-03     9.333333333E-03     9.100000000E-02
     2583     6.666666667E-03     6.000000000E-03     9.400000000E-02
     2584     6.666666667E-03     4.333333333E-03     9.550000000E-02
     2585     5.000000000E-03     4.333333333E-03     9.400000000E-02
     2586     6.666666667E-03     2.666666667E-03     9.400000000E-02
     2587     6.666666667E-03     7.666666667E-03     9.550000000E-02
     2588     5.000000000E-03     7.666666667E-03     9.400000000E-02
     2589     6.666666667E-03     9.333333333E-03     9.400000000E-02
     2590     6.666666667E-03     6.000000000E-03     9.700000000E-02
     2591     5.000000000E-03     4.333333333E-03     9.700000000E-02
     2592     6.666666667E-03     2.666666667E-03     9.700000000E-02
     2593     6.666666667E-03     4.333333333E-03     9.850000000E-02
     2594     5.000000000E-03     7.666666667E-03     9.700000000E-02
     2595     6.666666667E-03     9.333333333E-03     9.700000000E-02
     2596     6.666666667E-03     7.666666667E-03     9.850000000E-02
     2597     3.333333333E-03     6.000000000E-03     8.800000000E-02
     2598     3.333333333E-03     4.333333333E-03     8.950000000E-02
     2599     3.333333333E-03     2.666666667E-03     8.800000000E-02
     2600     3.333333333E-03     4.333333333E-03     8.650000000E-02
     2601     1.666666667E-03     4.333333333E-03     8.800000000E-02
     2602     3.333333333E-03     7.666666667E-03     8.950000000E-02
     2603     3.333333333E-03     9.333333333E-03     8.800000000E-02
     2604     3.333333333E-03     7.666666667E-03     8.650000000E-02
     2605     1.666666667E-03     7.666666667E-03     8.800000000E-02
     2606     3.333333333E-03     6.000000000E-03     9.100000000E-02
     2607     3.333333333E-03     4.333333333E-03     9.250000000E-02
     2608     3.333333333E-03     2.666666667E-03     9.100000000E-02
     2609     1.666666667E-03     4.333333333E-03     9.100000000E-02
     2610     3.333333333E-03     7.666666667E-03     9.250000000E-02
     2611     3.333333333E-03     9.333333333E-03     9.100000000E-02
     2612     1.666666667E-03     7.666666667E-03     9.100000000E-02
     2613     3.333333333E-03     6.000000000E-03     9.400000000E-02
     2614     3.333333333E-03     4.333333333E-03     9.550000000E-02
     2615     3.333333333E-03     2.666666667E-03     9.400000000E-02
     2616     1.666666667E-03     4.333333333E-03     9.400000000E-02
     2617     3.333333333E-03     7.666666667E-03     9.550000000E-02
     2618     3.333333333E-03     9.333333333E-03     9.400000000E-02
     2619     1.666666667E-03     7.666666667E-03     9.400000000E-02
     2620     3.333333333E-03     6.000000000E-03     9.700000000E-02
     2621     3.333333333E-03     2.666666667E-03     9.700000000E-02
     2622     3.333333333E-03     4.333333333E-03     9.850000000E-02
     2623     1.666666667E-03     4.333333333E-03     9.700000000E-02
     2624     3.333333333E-03     9.333333333E-03     9.700000000E-02
     2625     3.333333333E-03     7.666666667E-03     9.850000000E-02
     2626     1.666666667E-03     7.666666667E-03     9.700000000E-02
     2627     3.333333333E-03     1.000000000E-03     9.550000000E-02
     2628     5.000000000E-03     1.000000000E-03     9.700000000E-02
     2629     3.333333333E-03     1.000000000E-03     9.850000000E-02
     2630     1.666666667E-03     1.000000000E-03     9.700000000E-02
     2631     3.333333333E-03     1.000000000E-03     9.250000000E-02
     2632     5.000000000E-03     1.000000000E-03     9.400000000E-02
     2633     1.666666667E-03     1.000000000E-03     9.400000000E-02
     2634     3.333333333E-03     1.000000000E-03     8.950000000E-02
     2635     5.000000000E-03     1.000000000E-03     9.100000000E-02
     2636     1.666666667E-03     1.000000000E-03     9.100000000E-02
     2637     5.000000000E-03     1.000000000E-03     8.800000000E-02
     2638     3.333333333E-03     1.000000000E-03     8.650000000E-02
     2639     1.666666667E-03     1.000000000E-03     8.800000000E-02
     2640     6.666666667E-03     1.000000000E-03     9.550000000E-02
     2641     8.333333333E-03     1.000000000E-03     9.700000000E-02
     2642     6.666666667E-03     1.000000000E-03     9.850000000E-02
     2643     6.666666667E-03     1.000000000E-03     9.250000000E-02
     2644     8.333333333E-03     1.000000000E-03     9.400000000E-02
     2645     6.666666667E-03     1.000000000E-03     8.950000000E-02
     2646     8.333333333E-03     1.000000000E-03     9.100000000E-02
     2647     8.333333333E-03     1.000000000E-03     8.800000000E-02
     2648     6.666666667E-03     1.000000000E-03     8.650000000E-02
     2649     1.000000000E-02     1.000000000E-03     9.550000000E-02
     2650     1.166666667E-02     1.000000000E-03     9.700000000E-02
     2651     1.000000000E-02     1.000000000E-03     9.850000000E-02
     2652     1.000000000E-02     1.000000000E-03     9.250000000E-02
     2653     1.166666667E-02     1.000000000E-03     9.400000000E-02
     2654     1.000000000E-02     1.000000000E-03     8.950000000E-02
     2655     1.166666667E-02     1.000000000E-03     9.100000000E-02
     2656     1.166666667E-02     1.000000000E-03     8.800000000E-02
     2657     1.000000000E-02     1.000000000E-03     8.650000000E-02
     2658     1.333333333E-02     1.000000000E-03     9.550000000E-02
     2659     1.500000000E-02     1.000000000E-03     9.700000000E-02
     2660     1.333333333E-02     1.000000000E-03     9.850000000E-02
     2661     1.333333333E-02     1.000000000E-03     9.250000000E-02
     2662     1.500000000E-02     1.000000000E-03     9.400000000E-02
     2663     1.333333333E-02     1.000000000E-03     8.950000000E-02
     2664     1.500000000E-02     1.000000000E-03     9.100000000E-02
     2665     1.500000000E-02     1.000000000E-03     8.800000000E-02
     2666     1.333333333E-02     1.000000000E-03     8.650000000E-02
     2667     1.666666667E-02     1.000000000E-03     9.550000000E-02
     2668     1.833333333E-02     1.000000000E-03     9.700000000E-02
     2669     1.666666667E-02     1.000000000E-03     9.850000000E-02
     2670     1.666666667E-02     1.000000000E-03     9.250000000E-02
     2671     1.833333333E-02     1.000000000E-03     9.400000000E-02
     2672     1.666666667E-02     1.000000000E-03     8.950000000E-02
     2673     1.833333333E-02     1.000000000E-03     9.100000000E-02
     2674     1.833333333E-02     1.000000000E-03     8.800000000E-02
     2675     1.666666667E-02     1.000000000E-03     8.650000000E-02
     2676     2.000000000E-02     1.000000000E-03     9.550000000E-02
     2677     2.166666667E-02     1.000000000E-03     9.700000000E-02
     2678     2.000000000E-02     1.000000000E-03     9.850000000E-02
     2679     2.000000000E-02     1.000000000E-03     9.250000000E-02
     2680     2.166666667E-02     1.000000000E-03     9.400000000E-02
     2681     2.000000000E-02     1.000000000E-03     8.950000000E-02
     2682     2.166666667E-02     1.000000000E-03     9.100000000E-02
     2683     2.166666667E-02     1.000000000E-03     8.800000000E-02
     2684     2.000000000E-02     1.000000000E-03     8.650000000E-02
     2685     2.333333333E-02     1.000000000E-03     9.550000000E-02
     2686     2.500000000E-02     1.000000000E-03     9.700000000E-02
     2687     2.333333333E-02     1.000000000E-03     9.850000000E-02
     2688     2.333333333E-02     1.000000000E-03     9.250000000E-02
     2689     2.500000000E-02     1.000000000E-03     9.400000000E-02
     2690     2.333333333E-02     1.000000000E-03     8.950000000E-02
     2691     2.500000000E-02     1.000000000E-03     9.100000000E-02
     2692     2.500000000E-02     1.000000000E-03     8.800000000E-02
     2693     2.333333333E-02     1.000000000E-03     8.650000000E-02
     2694     2.666666667E-02     1.000000000E-03     9.550000000E-02
     2695     2.833333333E-02     1.000000000E-03     9.700000000E-02
     2696     2.666666667E-02     1.000000000E-03     9.850000000E-02
     2697     2.666666667E-02     1.000000000E-03     9.250000000E-02
     2698     2.833333333E-02     1.000000000E-03     9.400000000E-02
     2699     2.666666667E-02     1.000000000E-03     8.950000000E-02
     2700     2.833333333E-02     1.000000000E-03     9.100000000E-02
     2701     2.833333333E-02     1.000000000E-03     8.800000000E-02
     2702     2.666666667E-02     1.000000000E-03     8.650000000E-02
     2703     3.000000000E-02     1.000000000E-03     9.550000000E-02
     2704     3.166666667E-02     1.000000000E-03     9.700000000E-02
     2705     3.000000000E-02     1.000000000E-03     9.850000000E-02
     2706     3.000000000E-02     1.000000000E-03     9.250000000E-02
     2707     3.166666667E-02     1.000000000E-03     9.400000000E-02
     2708     3.000000000E-02     1.000000000E-03     8.950000000E-02
     2709     3.166666667E-02     1.000000000E-03     9.100000000E-02
     2710     3.166666667E-02     1.000000000E-03     8.800000000E-02
     2711     3.000000000E-02     1.000000000E-03     8.650000000E-02
     2712     3.333333333E-02     1.000000000E-03     9.550000000E-02
     2713     3.500000000E-02     1.000000000E-03     9.700000000E-02
     2714     3.333333333E-02     1.000000000E-03     9.850000000E-02
     2715     3.333333333E-02     1.000000000E-03     9.250000000E-02
     2716     3.500000000E-02     1.000000000E-03     9.400000000E-02
     2717     3.333333333E-02     1.000000000E-03     8.950000000E-02
     2718     3.500000000E-02     1.000000000E-03     9.100000000E-02
     2719     3.500000000E-02     1.000000000E-03     8.800000000E-02
     2720     3.333333333E-02     1.000000000E-03     8.650000000E-02
     2721     3.666666667E-02     1.000000000E-03     9.550000000E-02
     2722     3.666666667E-02     1.000000000E-03     9.850000000E-02
     2723     3.833333333E-02     1.000000000E-03     9.700000000E-02
     2724     3.666666667E-02     1.000000000E-03     9.250000000E-02
     2725     3.833333333E-02     1.000000000E-03     9.400000000E-02
     2726     3.666666667E-02     1.000000000E-03     8.950000000E-02
     2727     3.833333333E-02     1.000000000E-03     9.100000000E-02
     2728     3.833333333E-02     1.000000000E-03     8.800000000E-02
     2729     3.666666667E-02     1.000000000E-03     8.650000000E-02
     2730     3.666666667E-02     1.100000000E-02     8.950000000E-02
     2731     3.500000000E-02     1.100000000E-02     8.800000000E-02
     2732     3.666666667E-02     1.100000000E-02     8.650000000E-02
     2733     3.833333333E-02     1.100000000E-02     8.800000000E-02
     2734     3.666666667E-02     1.100000000E-02     9.250000000E-02
     2735     3.500000000E-02     1.100000000E-02     9.100000000E-02
     2736     3.833333333E-02     1.100000000E-02     9.100000000E-02
     2737     3.666666667E-02     1.100000000E-02     9.550000000E-02
     2738     3.500000000E-02     1.100000000E-02     9.400000000E-02
     2739     3.833333333E-02     1.100000000E-02     9.400000000E-02
     2740     3.500000000E-02     1.100000000E-02     9.700000000E-02
     2741     3.833333333E-02     1.100000000E-02     9.700000000E-02
     2742     3.666666667E-02     1.100000000E-02     9.850000000E-02
     2743     3.333333333E-02     1.100000000E-02     8.950000000E-02
     2744     3.166666667E-02     1.100000000E-02     8.800000000E-02
     2745     3.333333333E-02     1.100000000E-02     8.650000000E-02
     2746     3.333333333E-02     1.100000000E-02     9.250000000E-02
     2747     3.166666667E-02     1.100000000E-02     9.100000000E-02
     2748     3.333333333E-02     1.100000000E-02     9.550000000E-02
     2749     3.166666667E-02     1.100000000E-02     9.400000000E-02
     2750     3.166666667E-02     1.100000000E-02     9.700000000E-02
     2751     3.333333333E-02     1.100000000E-02     9.850000000E-02
     2752     3.000000000E-02     1.100000000E-02     8.950000000E-02
     2753     2.833333333E-02     1.100000000E-02     8.800000000E-02
     2754     3.000000000E-02     1.100000000E-02     8.650000000E-02
     2755     3.000000000E-02     1.100000000E-02     9.250000000E-02
     2756     2.833333333E-02     1.100000000E-02     9.100000000E-02
     2757     3.000000000E-02     1.100000000E-02     9.550000000E-02
     2758     2.833333333E-02     1.100000000E-02     9.400000000E-02
     2759     2.833333333E-02     1.100000000E-02     9.700000000E-02
     2760     3.000000000E-02     1.100000000E-02     9.850000000E-02
     2761     2.666666667E-02     1.100000000E-02     8.950000000E-02
     2762     2.500000000E-02     1.100000000E-02     8.800000000E-02
     2763     2.666666667E-02     1.100000000E-02     8.650000000E-02
     2764     2.666666667E-02     1.100000000E-02     9.250000000E-02
     2765     2.500000000E-02     1.100000000E-02     9.100000000E-02
     2766     2.666666667E-02     1.100000000E-02     9.550000000E-02
     2767     2.500000000E-02     1.100000000E-02     9.400000000E-02
     2768     2.500000000E-02     1.100000000E-02     9.700000000E-02
     2769     2.666666667E-02     1.100000000E-02     9.850000000E-02
     2770     2.333333333E-02     1.100000000E-02     8.950000000E-02
     2771     2.166666667E-02     1.100000000E-02     8.800000000E-02
     2772     2.333333333E-02     1.100000000E-02     8.650000000E-02
     2773     2.333333333E-02     1.100000000E-02     9.250000000E-02
     2774     2.166666667E-02     1.100000000E-02     9.100000000E-02
     2775     2.333333333E-02     1.100000000E-02     9.550000000E-02
     2776     2.166666667E-02     1.100000000E-02     9.400000000E-02
     2777     2.166666667E-02     1.100000000E-02     9.700000000E-02
     2778     2.333333333E-02     1.100000000E-02     9.850000000E-02
     2779     2.000000000E-02     1.100000000E-02     8.950000000E-02
     2780     1.833333333E-02     1.100000000E-02     8.800000000E-02
     2781     2.000000000E-02     1.100000000E-02     8.650000000E-02
     2782     2.000000000E-02     1.100000000E-02     9.250000000E-02
     2783     1.833333333E-02     1.100000000E-02     9.100000000E-02
     2784     2.000000000E-02     1.100000000E-02     9.550000000E-02
     2785     1.833333333E-02     1.100000000E-02     9.400000000E-02
     2786     1.833333333E-02     1.100000000E-02     9.700000000E-02
     2787     2.000000000E-02     1.100000000E-02     9.850000000E-02
     2788     1.666666667E-02     1.100000000E-02     8.950000000E-02
     2789     1.500000000E-02     1.100000000E-02     8.800000000E-02
     2790     1.666666667E-02     1.100000000E-02     8.650000000E-02
     2791     1.666666667E-02     1.100000000E-02     9.250000000E-02
     2792     1.500000000E-02     1.100000000E-02     9.100000000E-02
     2793     1.666666667E-02     1.100000000E-02     9.550000000E-02
     2794     1.500000000E-02     1.100000000E-02     9.400000000E-02
     2795     1.500000000E-02     1.100000000E-02     9.700000000E-02
     2796     1.666666667E-02     1.100000000E-02     9.850000000E-02
     2797     1.333333333E-02     1.100000000E-02     8.950000000E-02
     2798     1.166666667E-02     1.100000000E-02     8.800000000E-02
     2799     1.333333333E-02     1.100000000E-02     8.650000000E-02
     2800     1.333333333E-02     1.100000000E-02     9.250000000E-02
     2801     1.166666667E-02     1.100000000E-02     9.100000000E-02
     2802     1.333333333E-02     1.100000000E-02     9.550000000E-02
     2803     1.166666667E-02     1.100000000E-02     9.400000000E-02
     2804     1.166666667E-02     1.100000000E-02     9.700000000E-02
     2805     1.333333333E-02     1.100000000E-02     9.850000000E-02
     2806     1.000000000E-02     1.100000000E-02     8.950000000E-02
     2807     8.333333333E-03     1.100000000E-02     8.800000000E-02
     2808     1.000000000E-02     1.100000000E-02     8.650000000E-02
     2809     1.000000000E-02     1.100000000E-02     9.250000000E-02
     2810     8.333333333E-03     1.100000000E-02     9.100000000E-02
     2811     1.000000000E-02     1.100000000E-02     9.550000000E-02
     2812     8.333333333E-03     1.100000000E-02     9.400000000E-02
     2813     8.333333333E-03     1.100000000E-02     9.700000000E-02
     2814     1.000000000E-02     1.100000000E-02     9.850000000E-02
     2815     6.666666667E-03     1.100000000E-02     8.950000000E-02
     2816     5.000000000E-03     1.100000000E-02     8.800000000E-02
     2817     6.666666667E-03     1.100000000E-02     8.650000000E-02
     2818     6.666666667E-03     1.100000000E-02     9.250000000E-02
     2819     5.000000000E-03     1.100000000E-02     9.100000000E-02
     2820     6.666666667E-03     1.100000000E-02     9.550000000E-02
     2821     5.000000000E-03     1.100000000E-02     9.400000000E-02
     2822     5.000000000E-03     1.100000000E-02     9.700000000E-02
     2823     6.666666667E-03     1.100000000E-02     9.850000000E-02
     2824     3.333333333E-03     1.100000000E-02     8.950000000E-02
     2825     1.666666667E-03     1.100000000E-02     8.800000000E-02
     2826     3.333333333E-03     1.100000000E-02     8.650000000E-02
     2827     3.333333333E-03     1.100000000E-02     9.250000000E-02
     2828     1.666666667E-03     1.100000000E-02     9.100000000E-02
     2829     3.333333333E-03     1.100000000E-02     9.550000000E-02
     2830     1.666666667E-03     1.100000000E-02     9.400000000E-02
     2831     1.666666667E-03     1.100000000E-02     9.700000000E-02
     2832     3.333333333E-03     1.100000000E-02     9.850000000E-02
     2833     0.000000000E+00     1.100000000E-02     9.550000000E-02
     2834     0.000000000E+00     1.100000000E-02     9.850000000E-02
     2835     1.665334537E-18     9.333333333E-03     9.700000000E-02
     2836     0.000000000E+00     1.100000000E-02     9.250000000E-02
     2837     1.249000903E-18     9.333333333E-03     9.400000000E-02
     2838     0.000000000E+00     1.100000000E-02     8.950000000E-02
     2839     8.326672685E-19     9.333333333E-03     9.100000000E-02
     2840     0.000000000E+00     1.100000000E-02     8.650000000E-02
     2841     4.163336342E-19     9.333333333E-03     8.800000000E-02
     2842     1.666666667E-03     1.100000000E-02     8.500000000E-02
     2843     0.000000000E+00     9.333333333E-03     8.500000000E-02
     2844     5.000000000E-03     1.100000000E-02     8.500000000E-02
     2845     3.333333333E-03     9.333333333E-03     8.500000000E-02
     2846     8.333333333E-03     1.100000000E-02     8.500000000E-02
     2847     6.666666667E-03     9.333333333E-03     8.500000000E-02
     2848     1.166666667E-02     1.100000000E-02     8.500000000E-02
     2849     1.000000000E-02     9.333333333E-03     8.500000000E-02
     2850     1.500000000E-02     1.100000000E-02     8.500000000E-02
     2851     1.333333333E-02     9.333333333E-03     8.500000000E-02
     2852     1.833333333E-02     1.100000000E-02     8.500000000E-02
     2853     1.666666667E-02     9.333333333E-03     8.500000000E-02
     2854     2.166666667E-02     1.100000000E-02     8.500000000E-02
     2855     2.000000000E-02     9.333333333E-03     8.500000000E-02
     2856     2.500000000E-02     1.100000000E-02     8.500000000E-02
     2857     2.333333333E-02     9.333333333E-03     8.500000000E-02
     2858     2.833333333E-02     1.100000000E-02     8.500000000E-02
     2859     2.666666667E-02     9.333333333E-03     8.500000000E-02
     2860     3.166666667E-02     1.100000000E-02     8.500000000E-02
     2861     3.000000000E-02     9.333333333E-03     8.500000000E-02
     2862     3.500000000E-02     1.100000000E-02     8.500000000E-02
     2863     3.333333333E-02     9.333333333E-03     8.500000000E-02
     2864     3.833333333E-02     1.100000000E-02     8.500000000E-02
     2865     3.666666667E-02     9.333333333E-03     8.500000000E-02
     2866     4.000000000E-02     1.100000000E-02     8.650000000E-02
     2867     4.000000000E-02     9.333333333E-03     8.500000000E-02
     2868     4.000000000E-02     1.100000000E-02     8.950000000E-02
     2869     4.000000000E-02     9.333333333E-03     8.800000000E-02
     2870     4.000000000E-02     1.100000000E-02     9.250000000E-02
     2871     4.000000000E-02     9.333333333E-03     9.100000000E-02
     2872     4.000000000E-02     1.100000000E-02     9.550000000E-02
     2873     4.000000000E-02     9.333333333E-03     9.400000000E-02
     2874     4.000000000E-02     1.100000000E-02     9.850000000E-02
     2875     4.000000000E-02     9.333333333E-03     9.700000000E-02
     2876     3.833333333E-02     1.100000000E-02     1.000000000E-01
     2877     4.000000000E-02     9.333333333E-03     1.000000000E-01
     2878     3.500000000E-02     1.100000000E-02     1.000000000E-01
     2879     3.666666667E-02     9.333333333E-03     1.000000000E-01
     2880     3.166666667E-02     1.100000000E-02     1.000000000E-01
     2881     3.333333333E-02     9.333333333E-03     1.000000000E-01
     2882     2.833333333E-02     1.100000000E-02     1.000000000E-01
     2883     3.000000000E-02     9.333333333E-03     1.000000000E-01
     2884     2.500000000E-02     1.100000000E-02     1.000000000E-01
     2885     2.666666667E-02     9.333333333E-03     1.000000000E-01
     2886     2.166666667E-02     1.100000000E-02     1.000000000E-01
     2887     2.333333333E-02     9.333333333E-03     1.000000000E-01
     2888     1.833333333E-02     1.100000000E-02     1.000000000E-01
     2889     2.000000000E-02     9.333333333E-03     1.000000000E-01
     2890     1.500000000E-02     1.100000000E-02     1.000000000E-01
     2891     1.666666667E-02     9.333333333E-03     1.000000000E-01
     2892     1.166666667E-02     1.100000000E-02     1.000000000E-01
     2893     1.333333333E-02     9.333333333E-03     1.000000000E-01
     2894     8.333333333E-03     1.100000000E-02     1.000000000E-01
     2895     1.000000000E-02     9.333333333E-03     1.000000000E-01
     2896     5.000000000E-03     1.100000000E-02     1.000000000E-01
     2897     6.666666667E-03     9.333333333E-03     1.000000000E-01
     2898     1.666666667E-03     1.100000000E-02     1.000000000E-01
     2899     3.333333333E-03     9.333333333E-03     1.000000000E-01
     2900     0.000000000E+00     9.333333333E-03     1.000000000E-01
     2901     3.666666667E-02     6.000000000E-03     1.000000000E-01
     2902     3.500000000E-02     7.666666667E-03     1.000000000E-01
     2903     3.833333333E-02     7.666666667E-03     1.000000000E-01
     2904     3.500000000E-02     4.333333333E-03     1.000000000E-01
     2905     3.666666667E-02     2.666666667E-03     1.000000000E-01
     2906     3.833333333E-02     4.333333333E-03     1.000000000E-01
     2907     3.333333333E-02     6.000000000E-03     1.000000000E-01
     2908     3.166666667E-02     7.666666667E-03     1.000000000E-01
     2909     3.166666667E-02     4.333333333E-03     1.000000000E-01
     2910     3.333333333E-02     2.666666667E-03     1.000000000E-01
     2911     3.000000000E-02     6.000000000E-03     1.000000000E-01
     2912     2.833333333E-02     7.666666667E-03     1.000000000E-01
     2913     2.833333333E-02     4.333333333E-03     1.000000000E-01
     2914     3.000000000E-02     2.666666667E-03     1.000000000E-01
     2915     2.666666667E-02     6.000000000E-03     1.000000000E-01
     2916     2.500000000E-02     7.666666667E-03     1.000000000E-01
     2917     2.500000000E-02     4.333333333E-03     1.000000000E-01
     2918     2.666666667E-02     2.666666667E-03     1.000000000E-01
     2919     2.333333333E-02     6.000000000E-03     1.000000000E-01
     2920     2.166666667E-02     7.666666667E-03     1.000000000E-01
     2921     2.166666667E-02     4.333333333E-03     1.000000000E-01
     2922     2.333333333E-02     2.666666667E-03     1.000000000E-01
     2923     2.000000000E-02     6.000000000E-03     1.000000000E-01
     2924     1.833333333E-02     7.666666667E-03     1.000000000E-01
     2925     1.833333333E-02     4.333333333E-03     1.000000000E-01
     2926     2.000000000E-02     2.666666667E-03     1.000000000E-01
     2927     1.666666667E-02     6.000000000E-03     1.000000000E-01
     2928     1.500000000E-02     7.666666667E-03     1.000000000E-01
     2929     1.500000000E-02     4.333333333E-03     1.000000000E-01
     2930     1.666666667E-02     2.666666667E-03     1.000000000E-01
     2931     1.333333333E-02     6.000000000E-03     1.000000000E-01
     2932     1.166666667E-02     7.666666667E-03     1.000000000E-01
     2933     1.166666667E-02     4.333333333E-03     1.000000000E-01
     2934     1.333333333E-02     2.666666667E-03     1.000000000E-01
     2935     1.000000000E-02     6.000000000E-03     1.000000000E-01
     2936     8.333333333E-03     7.666666667E-03     1.000000000E-01
     2937     8.333333333E-03     4.333333333E-03     1.000000000E-01
     2938     1.000000000E-02     2.666666667E-03     1.000000000E-01
     2939     6.666666667E-03     6.000000000E-03     1.000000000E-01
     2940     5.000000000E-03     7.666666667E-03     1.000000000E-01
     2941     5.000000000E-03     4.333333333E-03     1.000000000E-01
     2942     6.666666667E-03     2.666666667E-03     1.000000000E-01
     2943     3.333333333E-03     6.000000000E-03     1.000000000E-01
     2944     1.666666667E-03     7.666666667E-03     1.000000000E-01
     2945     3.333333333E-03     2.666666667E-03     1.000000000E-01
     2946     1.666666667E-03     4.333333333E-03     1.000000000E-01
     2947     5.000000000E-03     1.000000000E-03     1.000000000E-01
     2948     1.666666667E-03     1.000000000E-03     1.000000000E-01
     2949     8.333333333E-03     1.000000000E-03     1.000000000E-01
     2950     1.166666667E-02     1.000000000E-03     1.000000000E-01
     2951     1.500000000E-02     1.000000000E-03     1.000000000E-01
     2952     1.833333333E-02     1.000000000E-03     1.000000000E-01
     2953     2.166666667E-02     1.000000000E-03     1.000000000E-01
     2954     2.500000000E-02     1.000000000E-03     1.000000000E-01
     2955     2.833333333E-02     1.000000000E-03     1.000000000E-01
     2956     3.166666667E-02     1.000000000E-03     1.000000000E-01
     2957     3.500000000E-02     1.000000000E-03     1.000000000E-01
     2958     3.833333333E-02     1.000000000E-03     1.000000000E-01
     2959     0.000000000E+00     2.666666667E-03     1.000000000E-01
     2960     0.000000000E+00     1.000000000E-03     9.850000000E-02
     2961     0.000000000E+00     6.000000000E-03     1.000000000E-01
     2962     1.873501354E-18     4.333333333E-03     9.850000000E-02
     2963     1.873501354E-18     7.666666667E-03     9.850000000E-02
     2964     4.000000000E-02     2.666666667E-03     1.000000000E-01
     2965     4.000000000E-02     1.000000000E-03     9.850000000E-02
     2966     4.000000000E-02     6.000000000E-03     1.000000000E-01
     2967     4.000000000E-02     4.333333333E-03     9.850000000E-02
     2968     4.000000000E-02     7.666666667E-03     9.850000000E-02
     2969     4.000000000E-02     4.333333333E-03     8.950000000E-02
     2970     4.000000000E-02     6.000000000E-03     8.800000000E-02
     2971     4.000000000E-02     2.666666667E-03     8.800000000E-02
     2972     4.000000000E-02     4.333333333E-03     8.650000000E-02
     2973     4.000000000E-02     4.333333333E-03     9.250000000E-02
     2974     4.000000000E-02     6.000000000E-03     9.100000000E-02
     2975     4.000000000E-02     2.666666667E-03     9.100000000E-02
     2976     4.000000000E-02     4.333333333E-03     9.550000000E-02
     2977     4.000000000E-02     6.000000000E-03     9.400000000E-02
     2978     4.000000000E-02     2.666666667E-03     9.400000000E-02
     2979     4.000000000E-02     6.000000000E-03     9.700000000E-02
     2980     4.000000000E-02     2.666666667E-03     9.700000000E-02
     2981     4.000000000E-02     7.666666667E-03     8.950000000E-02
     2982     4.000000000E-02     7.666666667E-03     8.650000000E-02
     2983     4.000000000E-02     7.666666667E-03     9.250000000E-02
     2984     4.000000000E-02     7.666666667E-03     9.550000000E-02
     2985     4.000000000E-02     1.000000000E-03     9.550000000E-02
     2986     4.000000000E-02     1.000000000E-03     9.250000000E-02
     2987     4.000000000E-02     1.000000000E-03     8.950000000E-02
     2988     4.000000000E-02     1.000000000E-03     8.650000000E-02
     2989     4.000000000E-02     2.666666667E-03     8.500000000E-02
     2990     3.833333333E-02     1.000000000E-03     8.500000000E-02
     2991     4.000000000E-02     6.000000000E-03     8.500000000E-02
     2992     3.833333333E-02     4.333333333E-03     8.500000000E-02
     2993     3.833333333E-02     7.666666667E-03     8.500000000E-02
     2994     5.000000000E-03     4.333333333E-03     8.500000000E-02
     2995     3.333333333E-03     6.000000000E-03     8.500000000E-02
     2996     3.333333333E-03     2.666666667E-03     8.500000000E-02
     2997     1.666666667E-03     4.333333333E-03     8.500000000E-02
     2998     8.333333333E-03     4.333333333E-03     8.500000000E-02
     2999     6.666666667E-03     6.000000000E-03     8.500000000E-02
     3000     6.666666667E-03     2.666666667E-03     8.500000000E-02
     3001     1.166666667E-02     4.333333333E-03     8.500000000E-02
     3002     1.000000000E-02     6.000000000E-03     8.500000000E-02
     3003     1.000000000E-02     2.666666667E-03     8.500000000E-02
     3004     1.500000000E-02     4.333333333E-03     8.500000000E-02
     3005     1.333333333E-02     6.000000000E-03     8.500000000E-02
     3006     1.333333333E-02     2.666666667E-03     8.500000000E-02
     3007     1.833333333E-02     4.333333333E-03     8.500000000E-02
     3008     1.666666667E-02     6.000000000E-03     8.500000000E-02
     3009     1.666666667E-02     2.666666667E-03     8.500000000E-02
     3010     2.166666667E-02     4.333333333E-03     8.500000000E-02
     3011     2.000000000E-02     6.000000000E-03     8.500000000E-02
     3012     2.000000000E-02     2.666666667E-03     8.500000000E-02
     3013     2.500000000E-02     4.333333333E-03     8.500000000E-02
     3014     2.333333333E-02     6.000000000E-03     8.500000000E-02
     3015     2.333333333E-02     2.666666667E-03     8.500000000E-02
     3016     2.833333333E-02     4.333333333E-03     8.500000000E-02
     3017     2.666666667E-02     6.000000000E-03     8.500000000E-02
     3018     2.666666667E-02     2.666666667E-03     8.500000000E-02
     3019     3.166666667E-02     4.333333333E-03     8.500000000E-02
     3020     3.000000000E-02     6.000000000E-03     8.500000000E-02
     3021     3.000000000E-02     2.666666667E-03     8.500000000E-02
     3022     3.500000000E-02     4.333333333E-03     8.500000000E-02
     3023     3.333333333E-02     6.000000000E-03     8.500000000E-02
     3024     3.333333333E-02     2.666666667E-03     8.500000000E-02
     3025     3.666666667E-02     6.000000000E-03     8.500000000E-02
     3026     3.666666667E-02     2.666666667E-03     8.500000000E-02
     3027     5.000000000E-03     7.666666667E-03     8.500000000E-02
     3028     1.666666667E-03     7.666666667E-03     8.500000000E-02
     3029     8.333333333E-03     7.666666667E-03     8.500000000E-02
     3030     1.166666667E-02     7.666666667E-03     8.500000000E-02
     3031     1.500000000E-02     7.666666667E-03     8.500000000E-02
     3032     1.833333333E-02     7.666666667E-03     8.500000000E-02
     3033     2.166666667E-02     7.666666667E-03     8.500000000E-02
     3034     2.500000000E-02     7.666666667E-03     8.500000000E-02
     3035     2.833333333E-02     7.666666667E-03     8.500000000E-02
     3036     3.166666667E-02     7.666666667E-03     8.500000000E-02
     3037     3.500000000E-02     7.666666667E-03     8.500000000E-02
     3038     3.500000000E-02     1.000000000E-03     8.500000000E-02
     3039     3.166666667E-02     1.000000000E-03     8.500000000E-02
     3040     2.833333333E-02     1.000000000E-03     8.500000000E-02
     3041     2.500000000E-02     1.000000000E-03     8.500000000E-02
     3042     2.166666667E-02     1.000000000E-03     8.500000000E-02
     3043     1.833333333E-02     1.000000000E-03     8.500000000E-02
     3044     1.500000000E-02     1.000000000E-03     8.500000000E-02
     3045     1.166666667E-02     1.000000000E-03     8.500000000E-02
     3046     8.333333333E-03     1.000000000E-03     8.500000000E-02
     3047     5.000000000E-03     1.000000000E-03     8.500000000E-02
     3048     1.666666667E-03     1.000000000E-03     8.500000000E-02
     3049     0.000000000E+00     2.666666667E-03     8.500000000E-02
     3050     0.000000000E+00     1.000000000E-03     8.650000000E-02
     3051     0.000000000E+00     6.000000000E-03     8.500000000E-02
     3052     2.081668171E-19     4.333333333E-03     8.650000000E-02
     3053     2.081668171E-19     7.666666667E-03     8.650000000E-02
     3054     6.245004514E-19     7.666666667E-03     8.950000000E-02
     3055     4.163336342E-19     6.000000000E-03     8.800000000E-02
     3056     1.040834086E-18     7.666666667E-03     9.250000000E-02
     3057     8.326672685E-19     6.000000000E-03     9.100000000E-02
     3058     1.457167720E-18     7.666666667E-03     9.550000000E-02
     3059     1.249000903E-18     6.000000000E-03     9.400000000E-02
     3060     1.665334537E-18     6.000000000E-03     9.700000000E-02
     3061     6.245004514E-19     4.333333333E-03     8.950000000E-02
     3062     4.163336342E-19     2.666666667E-03     8.800000000E-02
     3063     1.040834086E-18     4.333333333E-03     9.250000000E-02
     3064     8.326672685E-19     2.666666667E-03     9.100000000E-02
     3065     1.457167720E-18     4.333333333E-03     9.550000000E-02
     3066     1.249000903E-18     2.666666667E-03     9.400000000E-02
     3067     1.665334537E-18     2.666666667E-03     9.700000000E-02
     3068     0.000000000E+00     1.000000000E-03     8.950000000E-02
     3069     0.000000000E+00     1.000000000E-03     9.250000000E-02
     3070     0.000000000E+00     1.000000000E-03     9.550000000E-02
-1
/wb,elem,start            !  set before creation of elements
/com,*********** Elements for Body 1 'piezo' ***********
et,1,186
keyo,1,2,1          ! set full integration on SOLID186
MAT,1 $ TYPE,1 $ REAL,1 $ SECNUM,1 $ ESYS,0
eblock,11,COMPACT,,93
(11i9)
        1       18       39       19       33      119       98      118      104      320      326
      325      319      557      556      573      574      322      398      327      382
        2       17       40       60       41      120       97       77       96      315      400
      403      316      554      488      487      550      317      401      448      404
        3       16       41       60       32      121       96       77      105      311      403
      377      310      551      487      490      575      313      404      448      378
        4       15       42       37       65      122       95      100       72      305      392
      393      307      548      546      468      470      308      406      395      454
        5       16       32       37       42      121      105      100       95      310      376
      392      312      575      563      546      547      313      378      395      406
        6       14       43       15       65      123       94      122       72      300      306
      307      302      544      543      470      471      303      408      308      454
        7       21       47       59       68      116       90       78       69      335      417
      446      336      530      491      458      461      337      418      447      457
        8        1       47       21       38      136       90      116       99      238      335
      334      237      531      530      559      561      239      418      337      396
        9       12       59       47       46      125       78       90       91      292      417
      414      291      493      491      529      533      293      447      418      415
       10       31       65       37       67      106       72      100       70      372      393
      394      373      469      468      462      464      374      454      395      456
       11       32       35       67       37      105      102       70      100      375      386
      394      376      569      463      462      563      378      388      456      395
       12       30       61       35       68      107       76      102       69      367      385
      387      368      485      483      459      460      369      449      388      457
       13       21       68       35       34      116       69      102      103      336      387
      383      333      461      459      567      571      337      457      388      384
       14       31       67       35       61      106       70      102       76      373      386
      385      371      464      463      483      484      374      456      388      449
       15       24       64       25       63      113       73      112       74      347      350
      349      346      474      473      478      479      348      453      351      452
       16        5       25       64       54      132      112       73       83      256      350
      433      258      584      473      472      506      259      351      453      434
       17       23       24       63       36      114      113       74      101      342      346
      389      343      585      479      476      566      345      348      452      391
       18       26       27       36       63      111      110      101       74      352      356
      389      353      580      565      476      477      354      358      391      452
       19        7       51        8       26      130       86      129      111      267      273
      271      266      516      515      581      582      269      426      274      354
       20        7       26       63       52      130      111       74       85      266      353
      428      268      582      477      475      512      269      354      452      429
       21       22       23       36       66      115      114      101       71      338      343
      390      340      587      566      466      467      341      345      391      455
       22       29       62       66       36      108       75       71      101      363      450
      390      361      481      465      466      564      364      451      455      391
       23       27       28       29       36      110      109      108      101      355      359
      361      356      577      576      564      565      358      360      364      391
       24        8       50       27       26      129       87      110      111      272      357
      352      271      520      518      580      581      274      424      358      354
       25        4       24       23       55      133      113      114       82      251      342
      344      253      586      585      502      503      254      348      345      436
       26        3       55       23       22      134       82      114      115      247      344
      338      246      504      502      587      588      249      436      345      341
       27       22       66       62       58      115       71       75       79      340      450
      444      339      467      465      480      495      341      455      451      445
       28       32       60       33       35      105       77      104      102      377      381
      380      375      490      489      568      569      378      448      382      388
       29       12       45       30       59      125       92      107       78      290      365
      366      292      537      535      492      493      293      412      369      447
       30       13       61       30       45      124       76      107       92      297      367
      365      296      486      485      535      536      298      449      369      412
       31       14       65       31       44      123       72      106       93      302      372
      370      301      471      469      539      540      303      454      374      410
       32        4       54       64       24      133       83       73      113      252      433
      347      251      507      472      474      586      254      434      453      348
       33        6       52       63       25      131       85       74      112      262      428
      349      261      513      475      478      583      264      429      452      351
       34        9       28       27       50      128      109      110       87      276      355
      357      278      579      577      518      519      279      360      358      424
       35        3       22       58       56      134      115       79       81      246      339
      439      248      588      495      494      500      249      341      445      440
       36        2       58       62       11      135       79       75      126      243      444
      287      241      496      480      482      599      244      445      451      288
       37       10       48       29       28      127       89      108      109      282      362
      359      281      527      525      576      578      284      420      364      360
       38       11       62       29       48      126       75      108       89      287      363
      362      286      482      481      525      526      288      451      364      420
       39       13       44       31       61      124       93      106       76      295      370
      371      297      541      539      484      486      298      410      374      449
       40       18       33       60       40      119      104       77       97      319      381
      400      321      574      489      488      553      322      382      448      401
       41       19       20       34       33      118      117      103      104      324      329
      379      325      589      572      570      573      327      331      384      382
       42       20       38       21       34      117       99      116      103      330      334
      333      329      560      559      571      572      331      396      337      384
       43        5       53        6       25      132       84      131      112      257      263
      261      256      510      509      583      584      259      431      264      351
       44        9       49       10       28      128       88      127      109      277      283
      281      276      523      522      578      579      279      422      284      360
       45        2       57       56       58      135       80       81       79      242      438
      439      243      498      497      494      496      244      442      440      445
       46        2      195      193       57      135      161      180       80      245      731
      443      242      609      667      499      498      244      668      706      442
       47       56       57      193      212       81       80      180      179      438      443
      732      441      497      499      703      501      440      442      706      704
       48        3       56      212      211      134       81      179      178      248      441
      751      250      500      501      701      608      249      440      704      702
       49        3      211      210       55      134      178      177       82      250      750
      437      247      608      699      505      504      249      702      700      436
       50        4       55      210      209      133       82      177      176      253      437
      749      255      503      505      697      607      254      436      700      698
       51        4      209      208       54      133      176      175       83      255      748
      435      252      607      695      508      507      254      698      696      434
       52        5       54      208      207      132       83      175      174      258      435
      747      260      506      508      693      606      259      434      696      694
       53        5      207      206       53      132      174      173       84      260      746
      432      257      606      691      511      510      259      694      692      431
       54        6       53      206      205      131       84      173      172      263      432
      745      265      509      511      689      605      264      431      692      690
       55        6      205      204       52      131      172      171       85      265      744
      430      262      605      687      514      513      264      690      688      429
       56        7       52      204      203      130       85      171      170      268      430
      743      270      512      514      685      604      269      429      688      686
       57        7      203      202       51      130      170      169       86      270      742
      427      267      604      683      517      516      269      686      684      426
       58        8       51      202      201      129       86      169      168      273      427
      741      275      515      517      681      603      274      426      684      682
       59        8      201      200       50      129      168      167       87      275      740
      425      272      603      679      521      520      274      682      680      424
       60        9       50      200      199      128       87      167      166      278      425
      739      280      519      521      677      602      279      424      680      678
       61        9      199      198       49      128      166      165       88      280      738
      423      277      602      675      524      523      279      678      676      422
       62       10       49      198      197      127       88      165      164      283      423
      737      285      522      524      673      601      284      422      676      674
       63       10      197      196       48      127      164      163       89      285      736
      421      282      601      671      528      527      284      674      672      420
       64       11       48      196      194      126       89      163      162      286      421
      734      289      526      528      669      600      288      420      672      670
       65        2       11      194      195      135      126      162      161      241      289
      733      245      599      600      666      609      244      288      670      668
       66        1      192      218       47      136      186      160       90      240      729
      419      238      610      664      532      531      239      717      665      418
       67       46       47      218      236       91       90      160      154      414      419
      757      416      529      532      646      534      415      418      665      647
       68       12       46      236      235      125       91      154      153      291      416
      774      294      533      534      644      598      293      415      647      645
       69       12      235      234       45      125      153      152       92      294      773
      413      290      598      642      538      537      293      645      643      412
       70       13       45      234      233      124       92      152      151      296      413
      772      299      536      538      640      597      298      412      643      641
       71       13      233      232       44      124      151      150       93      299      771
      411      295      597      638      542      541      298      641      639      410
       72       14       44      232      231      123       93      150      149      301      411
      770      304      540      542      636      596      303      410      639      637
       73       14      231      230       43      123      149      148       94      304      769
      409      300      596      634      545      544      303      637      635      408
       74       15       43      230      229      122       94      148      147      306      409
      768      309      543      545      632      595      308      408      635      633
       75       15      229      228       42      122      147      146       95      309      767
      407      305      595      630      549      548      308      633      631      406
       76       16       42      228      227      121       95      146      145      312      407
      766      314      547      549      628      594      313      406      631      629
       77       16      227      226       41      121      145      144       96      314      765
      405      311      594      626      552      551      313      629      627      404
       78       17       41      226      225      120       96      144      143      316      405
      764      318      550      552      624      593      317      404      627      625
       79       17      225      224       40      120      143      142       97      318      763
      402      315      593      622      555      554      317      625      623      401
       80       18       40      224      223      119       97      142      141      321      402
      762      323      553      555      620      592      322      401      623      621
       81       18      223      222       39      119      141      140       98      323      761
      399      320      592      618      558      557      322      621      619      398
       82       19       39      222      221      118       98      140      139      326      399
      760      328      556      558      616      591      327      398      619      617
       83        1       38      219      192      136       99      137      186      237      397
      730      240      561      562      612      610      239      396      613      717
       84       20      220      219       38      117      138      137       99      332      758
      397      330      590      611      562      560      331      615      613      396
       85       19      221      220       20      118      139      138      117      328      759
      332      324      591      614      590      589      327      617      615      331
       86      155      161      180      181      217      195      193      191      649      667
      705      650      735      731      727      728      651      668      706      708
       87      155      181      182      156      217      191      190      216      650      707
      653      648      728      725      726      756      651      708      710      654
       88      156      182      183      157      216      190      189      215      653      709
      656      652      726      723      724      755      654      710      712      657
       89      157      183      184      158      215      189      188      214      656      711
      659      655      724      721      722      754      657      712      714      660
       90      158      184      185      159      214      188      187      213      659      713
      662      658      722      718      720      752      660      714      716      663
       91      159      185      186      160      213      187      192      218      662      715
      664      661      720      719      729      753      663      716      717      665
       92       30       68       59       59      107       69       78       78      368      446
       59      366      460      458       78      492      369      457      447      447
       93       33       34       35       35      104      103      102      102      379      383
       35      380      570      567      102      568      382      384      388      388
-1
secnum,1    ! reset the section ID to default
! Material Id = {9A37691C-5B68-481B-B90F-0269A15B947B}
/com,*********** Elements for Body 2 'belka' ***********
et,2,186
keyo,2,2,1          ! set full integration on SOLID186
MAT,2 $ TYPE,2 $ REAL,2 $ SECNUM,2 $ ESYS,0
eblock,11,COMPACT,,152
(11i9)
       94      900     1107     1108     1109      901     1054     1053     1052     1536     1950
     1951     1537     1541     1868     1866     1540     1535     1871     1869     1867
       95      882      900     1109     1110      919      901     1052     1051     1480     1537
     1952     1482     1539     1540     1864     1595     1481     1535     1867     1865
       96      864      882     1110     1111      937      919     1051     1050     1425     1482
     1953     1427     1594     1595     1862     1632     1426     1481     1865     1863
       97      846      864     1111     1112      955      937     1050     1049     1370     1427
     1954     1372     1631     1632     1860     1669     1371     1426     1863     1861
       98      828      846     1112     1113      973      955     1049     1048     1315     1372
     1955     1317     1668     1669     1858     1706     1316     1371     1861     1859
       99      810      828     1113     1114      991      973     1048     1047     1260     1317
     1956     1262     1705     1706     1856     1743     1261     1316     1859     1857
      100      792      810     1114     1115     1009      991     1047     1046     1204     1262
     1957     1206     1742     1743     1854     1780     1205     1261     1857     1855
      101      792     1115     1116     1117     1009     1046     1045     1044     1206     1958
     1959     1207     1780     1852     1850     1779     1205     1855     1853     1851
      102      899     1106     1107      900      902     1055     1054      901     1534     1949
     1536     1532     1544     1870     1541     1538     1533     1873     1871     1535
      103      881      899      900      882      920      902      901      919     1478     1532
     1480     1477     1543     1538     1539     1593     1479     1533     1535     1481
      104      863      881      882      864      938      920      919      937     1423     1477
     1425     1422     1597     1593     1594     1630     1424     1479     1481     1426
      105      845      863      864      846      956      938      937      955     1368     1422
     1370     1367     1634     1630     1631     1667     1369     1424     1426     1371
      106      827      845      846      828      974      956      955      973     1313     1367
     1315     1312     1671     1667     1668     1704     1314     1369     1371     1316
      107      809      827      828      810      992      974      973      991     1258     1312
     1260     1257     1708     1704     1705     1741     1259     1314     1316     1261
      108      791      809      810      792     1010      992      991     1009     1201     1257
     1204     1200     1745     1741     1742     1778     1202     1259     1261     1205
      109      791      792     1117     1118     1010     1009     1044     1043     1200     1207
     1960     1203     1778     1779     1848     1782     1202     1205     1851     1849
      110      898     1105     1106      899      903     1056     1055      902     1531     1948
     1534     1529     1547     1872     1544     1542     1530     1875     1873     1533
      111      880      898      899      881      921      903      902      920     1475     1529
     1478     1474     1546     1542     1543     1596     1476     1530     1533     1479
      112      862      880      881      863      939      921      920      938     1420     1474
     1423     1419     1599     1596     1597     1633     1421     1476     1479     1424
      113      844      862      863      845      957      939      938      956     1365     1419
     1368     1364     1636     1633     1634     1670     1366     1421     1424     1369
      114      826      844      845      827      975      957      956      974     1310     1364
     1313     1309     1673     1670     1671     1707     1311     1366     1369     1314
      115      808      826      827      809      993      975      974      992     1255     1309
     1258     1254     1710     1707     1708     1744     1256     1311     1314     1259
      116      790      808      809      791     1011      993      992     1010     1197     1254
     1201     1196     1747     1744     1745     1781     1198     1256     1259     1202
      117      790      791     1118     1119     1011     1010     1043     1042     1196     1203
     1961     1199     1781     1782     1846     1784     1198     1202     1849     1847
      118      897     1104     1105      898      904     1057     1056      903     1528     1947
     1531     1526     1550     1874     1547     1545     1527     1877     1875     1530
      119      879      897      898      880      922      904      903      921     1472     1526
     1475     1471     1549     1545     1546     1598     1473     1527     1530     1476
      120      861      879      880      862      940      922      921      939     1417     1471
     1420     1416     1601     1598     1599     1635     1418     1473     1476     1421
      121      843      861      862      844      958      940      939      957     1362     1416
     1365     1361     1638     1635     1636     1672     1363     1418     1421     1366
      122      825      843      844      826      976      958      957      975     1307     1361
     1310     1306     1675     1672     1673     1709     1308     1363     1366     1311
      123      807      825      826      808      994      976      975      993     1252     1306
     1255     1251     1712     1709     1710     1746     1253     1308     1311     1256
      124      789      807      808      790     1012      994      993     1011     1193     1251
     1197     1192     1749     1746     1747     1783     1194     1253     1256     1198
      125      789      790     1119     1120     1012     1011     1042     1041     1192     1199
     1962     1195     1783     1784     1844     1786     1194     1198     1847     1845
      126      896     1103     1104      897      905     1058     1057      904     1525     1946
     1528     1523     1553     1876     1550     1548     1524     1879     1877     1527
      127      878      896      897      879      923      905      904      922     1469     1523
     1472     1468     1552     1548     1549     1600     1470     1524     1527     1473
      128      860      878      879      861      941      923      922      940     1414     1468
     1417     1413     1603     1600     1601     1637     1415     1470     1473     1418
      129      842      860      861      843      959      941      940      958     1359     1413
     1362     1358     1640     1637     1638     1674     1360     1415     1418     1363
      130      824      842      843      825      977      959      958      976     1304     1358
     1307     1303     1677     1674     1675     1711     1305     1360     1363     1308
      131      806      824      825      807      995      977      976      994     1249     1303
     1252     1248     1714     1711     1712     1748     1250     1305     1308     1253
      132      788      806      807      789     1013      995      994     1012     1189     1248
     1193     1188     1751     1748     1749     1785     1190     1250     1253     1194
      133      788      789     1120     1121     1013     1012     1041     1040     1188     1195
     1963     1191     1785     1786     1842     1788     1190     1194     1845     1843
      134      895     1102     1103      896      906     1059     1058      905     1522     1945
     1525     1520     1556     1878     1553     1551     1521     1881     1879     1524
      135      877      895      896      878      924      906      905      923     1466     1520
     1469     1465     1555     1551     1552     1602     1467     1521     1524     1470
      136      859      877      878      860      942      924      923      941     1411     1465
     1414     1410     1605     1602     1603     1639     1412     1467     1470     1415
      137      841      859      860      842      960      942      941      959     1356     1410
     1359     1355     1642     1639     1640     1676     1357     1412     1415     1360
      138      823      841      842      824      978      960      959      977     1301     1355
     1304     1300     1679     1676     1677     1713     1302     1357     1360     1305
      139      805      823      824      806      996      978      977      995     1246     1300
     1249     1245     1716     1713     1714     1750     1247     1302     1305     1250
      140      787      805      806      788     1014      996      995     1013     1185     1245
     1189     1184     1753     1750     1751     1787     1186     1247     1250     1190
      141      787      788     1121     1122     1014     1013     1040     1039     1184     1191
     1964     1187     1787     1788     1840     1790     1186     1190     1843     1841
      142      894     1101     1102      895      907     1060     1059      906     1519     1944
     1522     1517     1559     1880     1556     1554     1518     1883     1881     1521
      143      876      894      895      877      925      907      906      924     1463     1517
     1466     1462     1558     1554     1555     1604     1464     1518     1521     1467
      144      858      876      877      859      943      925      924      942     1408     1462
     1411     1407     1607     1604     1605     1641     1409     1464     1467     1412
      145      840      858      859      841      961      943      942      960     1353     1407
     1356     1352     1644     1641     1642     1678     1354     1409     1412     1357
      146      822      840      841      823      979      961      960      978     1298     1352
     1301     1297     1681     1678     1679     1715     1299     1354     1357     1302
      147      804      822      823      805      997      979      978      996     1243     1297
     1246     1242     1718     1715     1716     1752     1244     1299     1302     1247
      148      786      804      805      787     1015      997      996     1014     1181     1242
     1185     1180     1755     1752     1753     1789     1182     1244     1247     1186
      149      786      787     1122     1123     1015     1014     1039     1038     1180     1187
     1965     1183     1789     1790     1838     1792     1182     1186     1841     1839
      150      893     1100     1101      894      908     1061     1060      907     1516     1943
     1519     1514     1562     1882     1559     1557     1515     1885     1883     1518
      151      875      893      894      876      926      908      907      925     1460     1514
     1463     1459     1561     1557     1558     1606     1461     1515     1518     1464
      152      857      875      876      858      944      926      925      943     1405     1459
     1408     1404     1609     1606     1607     1643     1406     1461     1464     1409
      153      839      857      858      840      962      944      943      961     1350     1404
     1353     1349     1646     1643     1644     1680     1351     1406     1409     1354
      154      821      839      840      822      980      962      961      979     1295     1349
     1298     1294     1683     1680     1681     1717     1296     1351     1354     1299
      155      803      821      822      804      998      980      979      997     1240     1294
     1243     1239     1720     1717     1718     1754     1241     1296     1299     1244
      156      785      803      804      786     1016      998      997     1015     1177     1239
     1181     1176     1757     1754     1755     1791     1178     1241     1244     1182
      157      785      786     1123     1124     1016     1015     1038     1037     1176     1183
     1966     1179     1791     1792     1836     1794     1178     1182     1839     1837
      158      892     1099     1100      893      909     1062     1061      908     1513     1942
     1516     1511     1565     1884     1562     1560     1512     1887     1885     1515
      159      874      892      893      875      927      909      908      926     1457     1511
     1460     1456     1564     1560     1561     1608     1458     1512     1515     1461
      160      856      874      875      857      945      927      926      944     1402     1456
     1405     1401     1611     1608     1609     1645     1403     1458     1461     1406
      161      838      856      857      839      963      945      944      962     1347     1401
     1350     1346     1648     1645     1646     1682     1348     1403     1406     1351
      162      820      838      839      821      981      963      962      980     1292     1346
     1295     1291     1685     1682     1683     1719     1293     1348     1351     1296
      163      802      820      821      803      999      981      980      998     1237     1291
     1240     1236     1722     1719     1720     1756     1238     1293     1296     1241
      164      784      802      803      785     1017      999      998     1016     1173     1236
     1177     1172     1759     1756     1757     1793     1174     1238     1241     1178
      165      784      785     1124     1125     1017     1016     1037     1036     1172     1179
     1967     1175     1793     1794     1834     1796     1174     1178     1837     1835
      166      891     1098     1099      892      910     1063     1062      909     1510     1941
     1513     1508     1568     1886     1565     1563     1509     1889     1887     1512
      167      873      891      892      874      928      910      909      927     1454     1508
     1457     1453     1567     1563     1564     1610     1455     1509     1512     1458
      168      855      873      874      856      946      928      927      945     1399     1453
     1402     1398     1613     1610     1611     1647     1400     1455     1458     1403
      169      837      855      856      838      964      946      945      963     1344     1398
     1347     1343     1650     1647     1648     1684     1345     1400     1403     1348
      170      819      837      838      820      982      964      963      981     1289     1343
     1292     1288     1687     1684     1685     1721     1290     1345     1348     1293
      171      801      819      820      802     1000      982      981      999     1234     1288
     1237     1233     1724     1721     1722     1758     1235     1290     1293     1238
      172      783      801      802      784     1018     1000      999     1017     1169     1233
     1173     1168     1761     1758     1759     1795     1170     1235     1238     1174
      173      783      784     1125     1126     1018     1017     1036     1035     1168     1175
     1968     1171     1795     1796     1832     1798     1170     1174     1835     1833
      174      890     1097     1098      891      911     1064     1063      910     1507     1940
     1510     1505     1571     1888     1568     1566     1506     1891     1889     1509
      175      872      890      891      873      929      911      910      928     1451     1505
     1454     1450     1570     1566     1567     1612     1452     1506     1509     1455
      176      854      872      873      855      947      929      928      946     1396     1450
     1399     1395     1615     1612     1613     1649     1397     1452     1455     1400
      177      836      854      855      837      965      947      946      964     1341     1395
     1344     1340     1652     1649     1650     1686     1342     1397     1400     1345
      178      818      836      837      819      983      965      964      982     1286     1340
     1289     1285     1689     1686     1687     1723     1287     1342     1345     1290
      179      800      818      819      801     1001      983      982     1000     1231     1285
     1234     1230     1726     1723     1724     1760     1232     1287     1290     1235
      180      782      800      801      783     1019     1001     1000     1018     1165     1230
     1169     1164     1763     1760     1761     1797     1166     1232     1235     1170
      181      782      783     1126     1127     1019     1018     1035     1034     1164     1171
     1969     1167     1797     1798     1830     1800     1166     1170     1833     1831
      182      889     1096     1097      890      912     1065     1064      911     1504     1939
     1507     1502     1574     1890     1571     1569     1503     1893     1891     1506
      183      871      889      890      872      930      912      911      929     1448     1502
     1451     1447     1573     1569     1570     1614     1449     1503     1506     1452
      184      853      871      872      854      948      930      929      947     1393     1447
     1396     1392     1617     1614     1615     1651     1394     1449     1452     1397
      185      835      853      854      836      966      948      947      965     1338     1392
     1341     1337     1654     1651     1652     1688     1339     1394     1397     1342
      186      817      835      836      818      984      966      965      983     1283     1337
     1286     1282     1691     1688     1689     1725     1284     1339     1342     1287
      187      799      817      818      800     1002      984      983     1001     1228     1282
     1231     1227     1728     1725     1726     1762     1229     1284     1287     1232
      188      781      799      800      782     1020     1002     1001     1019     1161     1227
     1165     1160     1765     1762     1763     1799     1162     1229     1232     1166
      189      781      782     1127     1128     1020     1019     1034     1033     1160     1167
     1970     1163     1799     1800     1828     1802     1162     1166     1831     1829
      190      888     1095     1096      889      913     1066     1065      912     1501     1938
     1504     1499     1577     1892     1574     1572     1500     1895     1893     1503
      191      870      888      889      871      931      913      912      930     1445     1499
     1448     1444     1576     1572     1573     1616     1446     1500     1503     1449
      192      852      870      871      853      949      931      930      948     1390     1444
     1393     1389     1619     1616     1617     1653     1391     1446     1449     1394
      193      834      852      853      835      967      949      948      966     1335     1389
     1338     1334     1656     1653     1654     1690     1336     1391     1394     1339
      194      816      834      835      817      985      967      966      984     1280     1334
     1283     1279     1693     1690     1691     1727     1281     1336     1339     1284
      195      798      816      817      799     1003      985      984     1002     1225     1279
     1228     1224     1730     1727     1728     1764     1226     1281     1284     1229
      196      780      798      799      781     1021     1003     1002     1020     1157     1224
     1161     1156     1767     1764     1765     1801     1158     1226     1229     1162
      197      780      781     1128     1129     1021     1020     1033     1032     1156     1163
     1971     1159     1801     1802     1826     1804     1158     1162     1829     1827
      198      887     1094     1095      888      914     1067     1066      913     1498     1937
     1501     1496     1580     1894     1577     1575     1497     1897     1895     1500
      199      869      887      888      870      932      914      913      931     1442     1496
     1445     1441     1579     1575     1576     1618     1443     1497     1500     1446
      200      851      869      870      852      950      932      931      949     1387     1441
     1390     1386     1621     1618     1619     1655     1388     1443     1446     1391
      201      833      851      852      834      968      950      949      967     1332     1386
     1335     1331     1658     1655     1656     1692     1333     1388     1391     1336
      202      815      833      834      816      986      968      967      985     1277     1331
     1280     1276     1695     1692     1693     1729     1278     1333     1336     1281
      203      797      815      816      798     1004      986      985     1003     1222     1276
     1225     1221     1732     1729     1730     1766     1223     1278     1281     1226
      204      779      797      798      780     1022     1004     1003     1021     1153     1221
     1157     1152     1769     1766     1767     1803     1154     1223     1226     1158
      205      779      780     1129     1130     1022     1021     1032     1031     1152     1159
     1972     1155     1803     1804     1824     1806     1154     1158     1827     1825
      206      886     1093     1094      887      915     1068     1067      914     1495     1936
     1498     1493     1583     1896     1580     1578     1494     1899     1897     1497
      207      868      886      887      869      933      915      914      932     1439     1493
     1442     1438     1582     1578     1579     1620     1440     1494     1497     1443
      208      850      868      869      851      951      933      932      950     1384     1438
     1387     1383     1623     1620     1621     1657     1385     1440     1443     1388
      209      832      850      851      833      969      951      950      968     1329     1383
     1332     1328     1660     1657     1658     1694     1330     1385     1388     1333
      210      814      832      833      815      987      969      968      986     1274     1328
     1277     1273     1697     1694     1695     1731     1275     1330     1333     1278
      211      796      814      815      797     1005      987      986     1004     1219     1273
     1222     1218     1734     1731     1732     1768     1220     1275     1278     1223
      212      778      796      797      779     1023     1005     1004     1022     1149     1218
     1153     1148     1771     1768     1769     1805     1150     1220     1223     1154
      213      778      779     1130     1131     1023     1022     1031     1030     1148     1155
     1973     1151     1805     1806     1822     1808     1150     1154     1825     1823
      214      885     1092     1093      886      916     1069     1068      915     1492     1935
     1495     1490     1586     1898     1583     1581     1491     1901     1899     1494
      215      867      885      886      868      934      916      915      933     1436     1490
     1439     1435     1585     1581     1582     1622     1437     1491     1494     1440
      216      849      867      868      850      952      934      933      951     1381     1435
     1384     1380     1625     1622     1623     1659     1382     1437     1440     1385
      217      831      849      850      832      970      952      951      969     1326     1380
     1329     1325     1662     1659     1660     1696     1327     1382     1385     1330
      218      813      831      832      814      988      970      969      987     1271     1325
     1274     1270     1699     1696     1697     1733     1272     1327     1330     1275
      219      795      813      814      796     1006      988      987     1005     1216     1270
     1219     1215     1736     1733     1734     1770     1217     1272     1275     1220
      220      777      795      796      778     1024     1006     1005     1023     1145     1215
     1149     1144     1773     1770     1771     1807     1146     1217     1220     1150
      221      777      778     1131     1132     1024     1023     1030     1029     1144     1151
     1974     1147     1807     1808     1820     1810     1146     1150     1823     1821
      222      884     1091     1092      885      917     1070     1069      916     1489     1934
     1492     1487     1589     1900     1586     1584     1488     1903     1901     1491
      223      866      884      885      867      935      917      916      934     1433     1487
     1436     1432     1588     1584     1585     1624     1434     1488     1491     1437
      224      848      866      867      849      953      935      934      952     1378     1432
     1381     1377     1627     1624     1625     1661     1379     1434     1437     1382
      225      830      848      849      831      971      953      952      970     1323     1377
     1326     1322     1664     1661     1662     1698     1324     1379     1382     1327
      226      812      830      831      813      989      971      970      988     1268     1322
     1271     1267     1701     1698     1699     1735     1269     1324     1327     1272
      227      794      812      813      795     1007      989      988     1006     1213     1267
     1216     1212     1738     1735     1736     1772     1214     1269     1272     1217
      228      776      794      795      777     1025     1007     1006     1024     1141     1212
     1145     1140     1775     1772     1773     1809     1142     1214     1217     1146
      229      776      777     1132     1133     1025     1024     1029     1028     1140     1147
     1975     1143     1809     1810     1818     1812     1142     1146     1821     1819
      230      883     1090     1091      884      918     1071     1070      917     1486     1933
     1489     1483     1591     1902     1589     1587     1484     1905     1903     1488
      231      865      883      884      866      936      918      917      935     1429     1483
     1433     1428     1590     1587     1588     1626     1430     1484     1488     1434
      232      847      865      866      848      954      936      935      953     1374     1428
     1378     1373     1628     1626     1627     1663     1375     1430     1434     1379
      233      829      847      848      830      972      954      953      971     1319     1373
     1323     1318     1665     1663     1664     1700     1320     1375     1379     1324
      234      811      829      830      812      990      972      971      989     1264     1318
     1268     1263     1702     1700     1701     1737     1265     1320     1324     1269
      235      793      811      812      794     1008      990      989     1007     1209     1263
     1213     1208     1739     1737     1738     1774     1210     1265     1269     1214
      236      775      793      794      776     1026     1008     1007     1025     1136     1208
     1141     1135     1776     1774     1775     1811     1137     1210     1214     1142
      237      775      776     1133     1134     1026     1025     1028     1027     1135     1143
     1976     1139     1811     1812     1815     1813     1137     1142     1819     1817
      238      883     1087     1089     1090      918     1073     1072     1071     1485     1930
     1932     1486     1592     1906     1904     1591     1484     1909     1907     1905
      239      865     1086     1087      883      936     1074     1073      918     1431     1929
     1485     1429     1629     1908     1592     1590     1430     1911     1909     1484
      240      847     1085     1086      865      954     1075     1074      936     1376     1928
     1431     1374     1666     1910     1629     1628     1375     1913     1911     1430
      241      829     1084     1085      847      972     1076     1075      954     1321     1927
     1376     1319     1703     1912     1666     1665     1320     1915     1913     1375
      242      811     1083     1084      829      990     1077     1076      972     1266     1926
     1321     1264     1740     1914     1703     1702     1265     1917     1915     1320
      243      793     1082     1083      811     1008     1078     1077      990     1211     1925
     1266     1209     1777     1916     1740     1739     1210     1919     1917     1265
      244      775     1081     1082      793     1026     1079     1078     1008     1138     1923
     1211     1136     1814     1918     1777     1776     1137     1921     1919     1210
      245      775     1134     1088     1081     1026     1027     1080     1079     1139     1931
     1924     1138     1813     1816     1920     1814     1137     1817     1922     1921
-1
secnum,1    ! reset the section ID to default
! Material Id = {FE349030-BFAC-459A-976A-4BDCEAEF9A26}
/com,*********** Elements for Body 3 'masa' ***********
et,3,186
keyo,3,2,1          ! set full integration on SOLID186
MAT,3 $ TYPE,3 $ REAL,3 $ SECNUM,3 $ ESYS,0
eblock,11,COMPACT,,180
(11i9)
      246     1977     2251     2239     2226     2108     2263     2238     2237     2294     2992
     2972     2293     2729     2990     2988     2728     2292     3026     2989     2971
      247     1977     2226     2239     2251     1978     2230     2240     2262     2293     2972
     2992     2294     2298     2982     2993     2299     2289     2970     2991     3025
      248     1978     2230     2240     2262     2109     2170     2169     2168     2298     2982
     2993     2299     2733     2866     2864     2732     2297     2869     2867     2865
      249     1977     1985     2250     2251     2108     2104     2264     2263     2291     2331
     3022     2294     2719     2720     3038     2729     2292     2330     3024     3026
      250     1977     2251     2250     1985     1978     2262     2261     1986     2294     3022
     2331     2291     2299     3037     2335     2296     2289     3025     3023     2327
      251     1978     2262     2261     1986     2109     2168     2167     2113     2299     3037
     2335     2296     2732     2862     2745     2731     2297     2865     2863     2334
      252     1985     1993     2249     2250     2104     2100     2265     2264     2329     2361
     3019     2331     2710     2711     3039     2720     2330     2360     3021     3024
      253     1985     2250     2249     1993     1986     2261     2260     1994     2331     3019
     2361     2329     2335     3036     2365     2333     2327     3023     3020     2357
      254     1986     2261     2260     1994     2113     2167     2166     2117     2335     3036
     2365     2333     2745     2860     2754     2744     2334     2863     2861     2364
      255     1993     2001     2248     2249     2100     2096     2266     2265     2359     2391
     3016     2361     2701     2702     3040     2711     2360     2390     3018     3021
      256     1993     2249     2248     2001     1994     2260     2259     2002     2361     3016
     2391     2359     2365     3035     2395     2363     2357     3020     3017     2387
      257     1994     2260     2259     2002     2117     2166     2165     2121     2365     3035
     2395     2363     2754     2858     2763     2753     2364     2861     2859     2394
      258     2001     2009     2247     2248     2096     2092     2267     2266     2389     2421
     3013     2391     2692     2693     3041     2702     2390     2420     3015     3018
      259     2001     2248     2247     2009     2002     2259     2258     2010     2391     3013
     2421     2389     2395     3034     2425     2393     2387     3017     3014     2417
      260     2002     2259     2258     2010     2121     2165     2164     2125     2395     3034
     2425     2393     2763     2856     2772     2762     2394     2859     2857     2424
      261     2009     2017     2246     2247     2092     2088     2268     2267     2419     2451
     3010     2421     2683     2684     3042     2693     2420     2450     3012     3015
      262     2009     2247     2246     2017     2010     2258     2257     2018     2421     3010
     2451     2419     2425     3033     2455     2423     2417     3014     3011     2447
      263     2010     2258     2257     2018     2125     2164     2163     2129     2425     3033
     2455     2423     2772     2854     2781     2771     2424     2857     2855     2454
      264     2017     2025     2245     2246     2088     2084     2269     2268     2449     2481
     3007     2451     2674     2675     3043     2684     2450     2480     3009     3012
      265     2017     2246     2245     2025     2018     2257     2256     2026     2451     3007
     2481     2449     2455     3032     2485     2453     2447     3011     3008     2477
      266     2018     2257     2256     2026     2129     2163     2162     2133     2455     3032
     2485     2453     2781     2852     2790     2780     2454     2855     2853     2484
      267     2025     2033     2244     2245     2084     2080     2270     2269     2479     2511
     3004     2481     2665     2666     3044     2675     2480     2510     3006     3009
      268     2025     2245     2244     2033     2026     2256     2255     2034     2481     3004
     2511     2479     2485     3031     2515     2483     2477     3008     3005     2507
      269     2026     2256     2255     2034     2133     2162     2161     2137     2485     3031
     2515     2483     2790     2850     2799     2789     2484     2853     2851     2514
      270     2033     2041     2243     2244     2080     2076     2271     2270     2509     2541
     3001     2511     2656     2657     3045     2666     2510     2540     3003     3006
      271     2033     2244     2243     2041     2034     2255     2254     2042     2511     3001
     2541     2509     2515     3030     2545     2513     2507     3005     3002     2537
      272     2034     2255     2254     2042     2137     2161     2160     2141     2515     3030
     2545     2513     2799     2848     2808     2798     2514     2851     2849     2544
      273     2041     2049     2242     2243     2076     2072     2272     2271     2539     2571
     2998     2541     2647     2648     3046     2657     2540     2570     3000     3003
      274     2041     2243     2242     2049     2042     2254     2253     2050     2541     2998
     2571     2539     2545     3029     2575     2543     2537     3002     2999     2567
      275     2042     2254     2253     2050     2141     2160     2159     2145     2545     3029
     2575     2543     2808     2846     2817     2807     2544     2849     2847     2574
      276     2049     2057     2241     2242     2072     2068     2273     2272     2569     2600
     2994     2571     2637     2638     3047     2648     2570     2599     2996     3000
      277     2049     2242     2241     2057     2050     2253     2252     2058     2571     2994
     2600     2569     2575     3027     2604     2573     2567     2999     2995     2597
      278     2050     2253     2252     2058     2145     2159     2158     2149     2575     3027
     2604     2573     2817     2844     2826     2816     2574     2847     2845     2603
      279     2057     2281     2275     2241     2068     2285     2274     2273     2601     3052
     2997     2600     2639     3050     3048     2638     2599     3062     3049     2996
      280     2057     2241     2275     2281     2058     2252     2276     2277     2600     2997
     3052     2601     2604     3028     3053     2605     2597     2995     3051     3055
      281     2058     2252     2276     2277     2149     2158     2157     2156     2604     3028
     3053     2605     2826     2842     2840     2825     2603     2845     2843     2841
      282     1977     2226     2227     1979     2108     2237     2236     2107     2293     2969
     2304     2290     2728     2987     2727     2726     2292     2971     2975     2303
      283     1977     1979     2227     2226     1978     1980     2231     2230     2290     2304
     2969     2293     2295     2308     2981     2298     2289     2300     2974     2970
      284     1978     1980     2231     2230     2109     2110     2171     2170     2295     2308
     2981     2298     2730     2736     2868     2733     2297     2307     2871     2869
      285     1977     1979     1987     1985     2108     2107     2103     2104     2290     2302
     2328     2291     2726     2718     2717     2719     2292     2303     2339     2330
      286     1977     1985     1987     1979     1978     1986     1988     1980     2291     2328
     2302     2290     2296     2332     2306     2295     2289     2327     2336     2300
      287     1978     1986     1988     1980     2109     2113     2114     2110     2296     2332
     2306     2295     2731     2743     2735     2730     2297     2334     2342     2307
      288     1985     1987     1995     1993     2104     2103     2099     2100     2328     2338
     2358     2329     2717     2709     2708     2710     2330     2339     2369     2360
      289     1985     1993     1995     1987     1986     1994     1996     1988     2329     2358
     2338     2328     2333     2362     2341     2332     2327     2357     2366     2336
      290     1986     1994     1996     1988     2113     2117     2118     2114     2333     2362
     2341     2332     2744     2752     2747     2743     2334     2364     2372     2342
      291     1993     1995     2003     2001     2100     2099     2095     2096     2358     2368
     2388     2359     2708     2700     2699     2701     2360     2369     2399     2390
      292     1993     2001     2003     1995     1994     2002     2004     1996     2359     2388
     2368     2358     2363     2392     2371     2362     2357     2387     2396     2366
      293     1994     2002     2004     1996     2117     2121     2122     2118     2363     2392
     2371     2362     2753     2761     2756     2752     2364     2394     2402     2372
      294     2001     2003     2011     2009     2096     2095     2091     2092     2388     2398
     2418     2389     2699     2691     2690     2692     2390     2399     2429     2420
      295     2001     2009     2011     2003     2002     2010     2012     2004     2389     2418
     2398     2388     2393     2422     2401     2392     2387     2417     2426     2396
      296     2002     2010     2012     2004     2121     2125     2126     2122     2393     2422
     2401     2392     2762     2770     2765     2761     2394     2424     2432     2402
      297     2009     2011     2019     2017     2092     2091     2087     2088     2418     2428
     2448     2419     2690     2682     2681     2683     2420     2429     2459     2450
      298     2009     2017     2019     2011     2010     2018     2020     2012     2419     2448
     2428     2418     2423     2452     2431     2422     2417     2447     2456     2426
      299     2010     2018     2020     2012     2125     2129     2130     2126     2423     2452
     2431     2422     2771     2779     2774     2770     2424     2454     2462     2432
      300     2017     2019     2027     2025     2088     2087     2083     2084     2448     2458
     2478     2449     2681     2673     2672     2674     2450     2459     2489     2480
      301     2017     2025     2027     2019     2018     2026     2028     2020     2449     2478
     2458     2448     2453     2482     2461     2452     2447     2477     2486     2456
      302     2018     2026     2028     2020     2129     2133     2134     2130     2453     2482
     2461     2452     2780     2788     2783     2779     2454     2484     2492     2462
      303     2025     2027     2035     2033     2084     2083     2079     2080     2478     2488
     2508     2479     2672     2664     2663     2665     2480     2489     2519     2510
      304     2025     2033     2035     2027     2026     2034     2036     2028     2479     2508
     2488     2478     2483     2512     2491     2482     2477     2507     2516     2486
      305     2026     2034     2036     2028     2133     2137     2138     2134     2483     2512
     2491     2482     2789     2797     2792     2788     2484     2514     2522     2492
      306     2033     2035     2043     2041     2080     2079     2075     2076     2508     2518
     2538     2509     2663     2655     2654     2656     2510     2519     2549     2540
      307     2033     2041     2043     2035     2034     2042     2044     2036     2509     2538
     2518     2508     2513     2542     2521     2512     2507     2537     2546     2516
      308     2034     2042     2044     2036     2137     2141     2142     2138     2513     2542
     2521     2512     2798     2806     2801     2797     2514     2544     2552     2522
      309     2041     2043     2051     2049     2076     2075     2071     2072     2538     2548
     2568     2539     2654     2646     2645     2647     2540     2549     2579     2570
      310     2041     2049     2051     2043     2042     2050     2052     2044     2539     2568
     2548     2538     2543     2572     2551     2542     2537     2567     2576     2546
      311     2042     2050     2052     2044     2141     2145     2146     2142     2543     2572
     2551     2542     2807     2815     2810     2806     2544     2574     2582     2552
      312     2049     2051     2059     2057     2072     2071     2067     2068     2568     2578
     2598     2569     2645     2635     2634     2637     2570     2579     2608     2599
      313     2049     2057     2059     2051     2050     2058     2060     2052     2569     2598
     2578     2568     2573     2602     2581     2572     2567     2597     2606     2576
      314     2050     2058     2060     2052     2145     2149     2150     2146     2573     2602
     2581     2572     2816     2824     2819     2815     2574     2603     2611     2582
      315     2057     2059     2282     2281     2068     2067     2286     2285     2598     2609
     3061     2601     2634     2636     3068     2639     2599     2608     3064     3062
      316     2057     2281     2282     2059     2058     2277     2278     2060     2601     3061
     2609     2598     2605     3054     2612     2602     2597     3055     3057     2606
      317     2058     2277     2278     2060     2149     2156     2155     2150     2605     3054
     2612     2602     2825     2838     2828     2824     2603     2841     2839     2611
      318     1979     2227     2228     1981     2107     2236     2235     2106     2304     2973
     2313     2301     2727     2986     2725     2724     2303     2975     2978     2312
      319     1979     1981     2228     2227     1980     1982     2232     2231     2301     2313
     2973     2304     2305     2317     2983     2308     2300     2309     2977     2974
      320     1980     1982     2232     2231     2110     2111     2172     2171     2305     2317
     2983     2308     2734     2739     2870     2736     2307     2316     2873     2871
      321     1979     1981     1989     1987     2107     2106     2102     2103     2301     2311
     2337     2302     2724     2716     2715     2718     2303     2312     2346     2339
      322     1979     1987     1989     1981     1980     1988     1990     1982     2302     2337
     2311     2301     2306     2340     2315     2305     2300     2336     2343     2309
      323     1980     1988     1990     1982     2110     2114     2115     2111     2306     2340
     2315     2305     2735     2746     2738     2734     2307     2342     2349     2316
      324     1987     1989     1997     1995     2103     2102     2098     2099     2337     2345
     2367     2338     2715     2707     2706     2709     2339     2346     2376     2369
      325     1987     1995     1997     1989     1988     1996     1998     1990     2338     2367
     2345     2337     2341     2370     2348     2340     2336     2366     2373     2343
      326     1988     1996     1998     1990     2114     2118     2119     2115     2341     2370
     2348     2340     2747     2755     2749     2746     2342     2372     2379     2349
      327     1995     1997     2005     2003     2099     2098     2094     2095     2367     2375
     2397     2368     2706     2698     2697     2700     2369     2376     2406     2399
      328     1995     2003     2005     1997     1996     2004     2006     1998     2368     2397
     2375     2367     2371     2400     2378     2370     2366     2396     2403     2373
      329     1996     2004     2006     1998     2118     2122     2123     2119     2371     2400
     2378     2370     2756     2764     2758     2755     2372     2402     2409     2379
      330     2003     2005     2013     2011     2095     2094     2090     2091     2397     2405
     2427     2398     2697     2689     2688     2691     2399     2406     2436     2429
      331     2003     2011     2013     2005     2004     2012     2014     2006     2398     2427
     2405     2397     2401     2430     2408     2400     2396     2426     2433     2403
      332     2004     2012     2014     2006     2122     2126     2127     2123     2401     2430
     2408     2400     2765     2773     2767     2764     2402     2432     2439     2409
      333     2011     2013     2021     2019     2091     2090     2086     2087     2427     2435
     2457     2428     2688     2680     2679     2682     2429     2436     2466     2459
      334     2011     2019     2021     2013     2012     2020     2022     2014     2428     2457
     2435     2427     2431     2460     2438     2430     2426     2456     2463     2433
      335     2012     2020     2022     2014     2126     2130     2131     2127     2431     2460
     2438     2430     2774     2782     2776     2773     2432     2462     2469     2439
      336     2019     2021     2029     2027     2087     2086     2082     2083     2457     2465
     2487     2458     2679     2671     2670     2673     2459     2466     2496     2489
      337     2019     2027     2029     2021     2020     2028     2030     2022     2458     2487
     2465     2457     2461     2490     2468     2460     2456     2486     2493     2463
      338     2020     2028     2030     2022     2130     2134     2135     2131     2461     2490
     2468     2460     2783     2791     2785     2782     2462     2492     2499     2469
      339     2027     2029     2037     2035     2083     2082     2078     2079     2487     2495
     2517     2488     2670     2662     2661     2664     2489     2496     2526     2519
      340     2027     2035     2037     2029     2028     2036     2038     2030     2488     2517
     2495     2487     2491     2520     2498     2490     2486     2516     2523     2493
      341     2028     2036     2038     2030     2134     2138     2139     2135     2491     2520
     2498     2490     2792     2800     2794     2791     2492     2522     2529     2499
      342     2035     2037     2045     2043     2079     2078     2074     2075     2517     2525
     2547     2518     2661     2653     2652     2655     2519     2526     2556     2549
      343     2035     2043     2045     2037     2036     2044     2046     2038     2518     2547
     2525     2517     2521     2550     2528     2520     2516     2546     2553     2523
      344     2036     2044     2046     2038     2138     2142     2143     2139     2521     2550
     2528     2520     2801     2809     2803     2800     2522     2552     2559     2529
      345     2043     2045     2053     2051     2075     2074     2070     2071     2547     2555
     2577     2548     2652     2644     2643     2646     2549     2556     2586     2579
      346     2043     2051     2053     2045     2044     2052     2054     2046     2548     2577
     2555     2547     2551     2580     2558     2550     2546     2576     2583     2553
      347     2044     2052     2054     2046     2142     2146     2147     2143     2551     2580
     2558     2550     2810     2818     2812     2809     2552     2582     2589     2559
      348     2051     2053     2061     2059     2071     2070     2066     2067     2577     2585
     2607     2578     2643     2632     2631     2635     2579     2586     2615     2608
      349     2051     2059     2061     2053     2052     2060     2062     2054     2578     2607
     2585     2577     2581     2610     2588     2580     2576     2606     2613     2583
      350     2052     2060     2062     2054     2146     2150     2151     2147     2581     2610
     2588     2580     2819     2827     2821     2818     2582     2611     2618     2589
      351     2059     2061     2283     2282     2067     2066     2287     2286     2607     2616
     3063     2609     2631     2633     3069     2636     2608     2615     3066     3064
      352     2059     2282     2283     2061     2060     2278     2279     2062     2609     3063
     2616     2607     2612     3056     2619     2610     2606     3057     3059     2613
      353     2060     2278     2279     2062     2150     2155     2154     2151     2612     3056
     2619     2610     2828     2836     2830     2827     2611     2839     2837     2618
      354     1981     2228     2229     1983     2106     2235     2234     2105     2313     2976
     2322     2310     2725     2985     2723     2721     2312     2978     2980     2320
      355     1981     1983     2229     2228     1982     1984     2233     2232     2310     2322
     2976     2313     2314     2326     2984     2317     2309     2318     2979     2977
      356     1982     1984     2233     2232     2111     2112     2173     2172     2314     2326
     2984     2317     2737     2741     2872     2739     2316     2324     2875     2873
      357     1981     1983     1991     1989     2106     2105     2101     2102     2310     2319
     2344     2311     2721     2713     2712     2716     2312     2320     2352     2346
      358     1981     1989     1991     1983     1982     1990     1992     1984     2311     2344
     2319     2310     2315     2347     2323     2314     2309     2343     2350     2318
      359     1982     1990     1992     1984     2111     2115     2116     2112     2315     2347
     2323     2314     2738     2748     2740     2737     2316     2349     2355     2324
      360     1989     1991     1999     1997     2102     2101     2097     2098     2344     2351
     2374     2345     2712     2704     2703     2707     2346     2352     2382     2376
      361     1989     1997     1999     1991     1990     1998     2000     1992     2345     2374
     2351     2344     2348     2377     2354     2347     2343     2373     2380     2350
      362     1990     1998     2000     1992     2115     2119     2120     2116     2348     2377
     2354     2347     2749     2757     2750     2748     2349     2379     2385     2355
      363     1997     1999     2007     2005     2098     2097     2093     2094     2374     2381
     2404     2375     2703     2695     2694     2698     2376     2382     2412     2406
      364     1997     2005     2007     1999     1998     2006     2008     2000     2375     2404
     2381     2374     2378     2407     2384     2377     2373     2403     2410     2380
      365     1998     2006     2008     2000     2119     2123     2124     2120     2378     2407
     2384     2377     2758     2766     2759     2757     2379     2409     2415     2385
      366     2005     2007     2015     2013     2094     2093     2089     2090     2404     2411
     2434     2405     2694     2686     2685     2689     2406     2412     2442     2436
      367     2005     2013     2015     2007     2006     2014     2016     2008     2405     2434
     2411     2404     2408     2437     2414     2407     2403     2433     2440     2410
      368     2006     2014     2016     2008     2123     2127     2128     2124     2408     2437
     2414     2407     2767     2775     2768     2766     2409     2439     2445     2415
      369     2013     2015     2023     2021     2090     2089     2085     2086     2434     2441
     2464     2435     2685     2677     2676     2680     2436     2442     2472     2466
      370     2013     2021     2023     2015     2014     2022     2024     2016     2435     2464
     2441     2434     2438     2467     2444     2437     2433     2463     2470     2440
      371     2014     2022     2024     2016     2127     2131     2132     2128     2438     2467
     2444     2437     2776     2784     2777     2775     2439     2469     2475     2445
      372     2021     2023     2031     2029     2086     2085     2081     2082     2464     2471
     2494     2465     2676     2668     2667     2671     2466     2472     2502     2496
      373     2021     2029     2031     2023     2022     2030     2032     2024     2465     2494
     2471     2464     2468     2497     2474     2467     2463     2493     2500     2470
      374     2022     2030     2032     2024     2131     2135     2136     2132     2468     2497
     2474     2467     2785     2793     2786     2784     2469     2499     2505     2475
      375     2029     2031     2039     2037     2082     2081     2077     2078     2494     2501
     2524     2495     2667     2659     2658     2662     2496     2502     2532     2526
      376     2029     2037     2039     2031     2030     2038     2040     2032     2495     2524
     2501     2494     2498     2527     2504     2497     2493     2523     2530     2500
      377     2030     2038     2040     2032     2135     2139     2140     2136     2498     2527
     2504     2497     2794     2802     2795     2793     2499     2529     2535     2505
      378     2037     2039     2047     2045     2078     2077     2073     2074     2524     2531
     2554     2525     2658     2650     2649     2653     2526     2532     2562     2556
      379     2037     2045     2047     2039     2038     2046     2048     2040     2525     2554
     2531     2524     2528     2557     2534     2527     2523     2553     2560     2530
      380     2038     2046     2048     2040     2139     2143     2144     2140     2528     2557
     2534     2527     2803     2811     2804     2802     2529     2559     2565     2535
      381     2045     2047     2055     2053     2074     2073     2069     2070     2554     2561
     2584     2555     2649     2641     2640     2644     2556     2562     2592     2586
      382     2045     2053     2055     2047     2046     2054     2056     2048     2555     2584
     2561     2554     2558     2587     2564     2557     2553     2583     2590     2560
      383     2046     2054     2056     2048     2143     2147     2148     2144     2558     2587
     2564     2557     2812     2820     2813     2811     2559     2589     2595     2565
      384     2053     2055     2063     2061     2070     2069     2065     2066     2584     2591
     2614     2585     2640     2628     2627     2632     2586     2592     2621     2615
      385     2053     2061     2063     2055     2054     2062     2064     2056     2585     2614
     2591     2584     2588     2617     2594     2587     2583     2613     2620     2590
      386     2054     2062     2064     2056     2147     2151     2152     2148     2588     2617
     2594     2587     2821     2829     2822     2820     2589     2618     2624     2595
      387     2061     2063     2284     2283     2066     2065     2288     2287     2614     2623
     3065     2616     2627     2630     3070     2633     2615     2621     3067     3066
      388     2061     2283     2284     2063     2062     2279     2280     2064     2616     3065
     2623     2614     2619     3058     2626     2617     2613     3059     3060     2620
      389     2062     2279     2280     2064     2151     2154     2153     2152     2619     3058
     2626     2617     2830     2833     2831     2829     2618     2837     2835     2624
      390     1983     2229     2224     2188     2105     2234     2223     2219     2322     2967
     2906     2321     2723     2965     2958     2722     2320     2980     2964     2905
      391     1983     2188     2224     2229     1984     2187     2225     2233     2321     2906
     2967     2322     2325     2903     2968     2326     2318     2901     2966     2979
      392     1984     2187     2225     2233     2112     2175     2174     2173     2325     2903
     2968     2326     2742     2876     2874     2741     2324     2879     2877     2875
      393     1983     2188     2190     1991     2105     2219     2218     2101     2321     2904
     2353     2319     2722     2957     2714     2713     2320     2905     2910     2352
      394     1983     1991     2190     2188     1984     1992     2189     2187     2319     2353
     2904     2321     2323     2356     2902     2325     2318     2350     2907     2901
      395     1984     1992     2189     2187     2112     2116     2176     2175     2323     2356
     2902     2325     2740     2751     2878     2742     2324     2355     2881     2879
      396     1991     2190     2192     1999     2101     2218     2217     2097     2353     2909
     2383     2351     2714     2956     2705     2704     2352     2910     2914     2382
      397     1991     1999     2192     2190     1992     2000     2191     2189     2351     2383
     2909     2353     2354     2386     2908     2356     2350     2380     2911     2907
      398     1992     2000     2191     2189     2116     2120     2177     2176     2354     2386
     2908     2356     2750     2760     2880     2751     2355     2385     2883     2881
      399     1999     2192     2194     2007     2097     2217     2216     2093     2383     2913
     2413     2381     2705     2955     2696     2695     2382     2914     2918     2412
      400     1999     2007     2194     2192     2000     2008     2193     2191     2381     2413
     2913     2383     2384     2416     2912     2386     2380     2410     2915     2911
      401     2000     2008     2193     2191     2120     2124     2178     2177     2384     2416
     2912     2386     2759     2769     2882     2760     2385     2415     2885     2883
      402     2007     2194     2196     2015     2093     2216     2215     2089     2413     2917
     2443     2411     2696     2954     2687     2686     2412     2918     2922     2442
      403     2007     2015     2196     2194     2008     2016     2195     2193     2411     2443
     2917     2413     2414     2446     2916     2416     2410     2440     2919     2915
      404     2008     2016     2195     2193     2124     2128     2179     2178     2414     2446
     2916     2416     2768     2778     2884     2769     2415     2445     2887     2885
      405     2015     2196     2198     2023     2089     2215     2214     2085     2443     2921
     2473     2441     2687     2953     2678     2677     2442     2922     2926     2472
      406     2015     2023     2198     2196     2016     2024     2197     2195     2441     2473
     2921     2443     2444     2476     2920     2446     2440     2470     2923     2919
      407     2016     2024     2197     2195     2128     2132     2180     2179     2444     2476
     2920     2446     2777     2787     2886     2778     2445     2475     2889     2887
      408     2023     2198     2200     2031     2085     2214     2213     2081     2473     2925
     2503     2471     2678     2952     2669     2668     2472     2926     2930     2502
      409     2023     2031     2200     2198     2024     2032     2199     2197     2471     2503
     2925     2473     2474     2506     2924     2476     2470     2500     2927     2923
      410     2024     2032     2199     2197     2132     2136     2181     2180     2474     2506
     2924     2476     2786     2796     2888     2787     2475     2505     2891     2889
      411     2031     2200     2202     2039     2081     2213     2212     2077     2503     2929
     2533     2501     2669     2951     2660     2659     2502     2930     2934     2532
      412     2031     2039     2202     2200     2032     2040     2201     2199     2501     2533
     2929     2503     2504     2536     2928     2506     2500     2530     2931     2927
      413     2032     2040     2201     2199     2136     2140     2182     2181     2504     2536
     2928     2506     2795     2805     2890     2796     2505     2535     2893     2891
      414     2039     2202     2204     2047     2077     2212     2211     2073     2533     2933
     2563     2531     2660     2950     2651     2650     2532     2934     2938     2562
      415     2039     2047     2204     2202     2040     2048     2203     2201     2531     2563
     2933     2533     2534     2566     2932     2536     2530     2560     2935     2931
      416     2040     2048     2203     2201     2140     2144     2183     2182     2534     2566
     2932     2536     2804     2814     2892     2805     2535     2565     2895     2893
      417     2047     2204     2206     2055     2073     2211     2210     2069     2563     2937
     2593     2561     2651     2949     2642     2641     2562     2938     2942     2592
      418     2047     2055     2206     2204     2048     2056     2205     2203     2561     2593
     2937     2563     2564     2596     2936     2566     2560     2590     2939     2935
      419     2048     2056     2205     2203     2144     2148     2184     2183     2564     2596
     2936     2566     2813     2823     2894     2814     2565     2595     2897     2895
      420     2055     2206     2208     2063     2069     2210     2209     2065     2593     2941
     2622     2591     2642     2947     2629     2628     2592     2942     2945     2621
      421     2055     2063     2208     2206     2056     2064     2207     2205     2591     2622
     2941     2593     2594     2625     2940     2596     2590     2620     2943     2939
      422     2056     2064     2207     2205     2148     2152     2185     2184     2594     2625
     2940     2596     2822     2832     2896     2823     2595     2624     2899     2897
      423     2063     2208     2221     2284     2065     2209     2220     2288     2622     2946
     2962     2623     2629     2948     2960     2630     2621     2945     2959     3067
      424     2063     2284     2221     2208     2064     2280     2222     2207     2623     2962
     2946     2622     2626     2963     2944     2625     2620     3060     2961     2943
      425     2064     2280     2222     2207     2152     2153     2186     2185     2626     2963
     2944     2625     2831     2834     2898     2832     2624     2835     2900     2899
-1
secnum,1    ! reset the section ID to default
! Material Id = {AE9D19CD-290C-42D6-BC9F-96E50A9CC010}
/wb,elem,end               !  done creating elements
toffst,273.15,      ! Temperature offset from absolute zero
/com,*********** Set Reference Temperature ***********
tref,22.
/wb,mat,start              !  starting to send materials
/com,*********** Send Materials ***********

TB,ELASTIC,1,,,AELS

TBDATA,1,121000000000,75900000000,75400000000,0,0,0
TBDATA,7,121000000000,75400000000,0,0,0,111000000000
TBDATA,13,0,0,0,22600000000,0,0
TBDATA,19,21100000000,0,21100000000
MP,DENS,1,7750,	! kg m^-3

TB,DPER,1,,,0

TBDATA,1,915.9,915.9,830.1,0,0,0

TB,PIEZ,1,,,0

TBDATA,1,0,0,-5.4,0,0,-5.4
TBDATA,7,0,0,15.8,0,0,0
TBDATA,13,0,12.3,0,12.3,0,0
MP,UVID,1,47be0359-5389-4154-8c39-afc21c4fc7a5

Temperature = 'TEMP' ! Temperature
MP,DENS,2,7850,	! kg m^-3
MP,ALPX,2,1.2e-05,	! C^-1
MP,C,2,434,	! J kg^-1 C^-1
MP,KXX,2,60.5,	! W m^-1 C^-1
MP,RSVX,2,1.7e-07,	! kg m^3 A^-2 s^-3
MP,EX,2,200000000000,	! Pa
MP,NUXY,2,0.3,
MP,MURX,2,10000,
MP,UVID,2,fecce473-ee91-46e1-9369-6fac526ce5fc
MP,UMID,2,59002a79-71c2-428e-906b-55d7dbee100e

Temperature = 'TEMP' ! Temperature
MP,DENS,3,19250,	! kg m^-3
MP,ALPX,3,1.2e-05,	! C^-1
MP,KXX,3,60.5,	! W m^-1 C^-1
MP,EX,3,410000000000,	! Pa
MP,NUXY,3,0.26,
MP,MURX,3,10000,
MP,UVID,3,6962c909-abfd-4c95-982e-e7d34a33639f
MP,UMID,3,36db2ad3-6e81-4b4b-b0b3-fef6f6b07f23

/wb,mat,end                !  done sending materials
!************************* Model Summary ********************
!piezo,	PZT-5A,	matid,	1
!belka,	Structural Steel,	matid,	2
!masa,	Tungsten,	matid,	3
!************************* End Model Summary ********************
! get the diagonal of the bounding box. Needed later for other things
*get,_xmin,node,,mnloc,x
*get,_ymin,node,,mnloc,y
*get,_zmin,node,,mnloc,z
*get,_xmax,node,,mxloc,x
*get,_ymax,node,,mxloc,y
*get,_zmax,node,,mxloc,z
_ASMDIAG=(_xmax-_xmin)*(_xmax-_xmin)+(_ymax-_ymin)*(_ymax-_ymin)+(_zmax-_zmin)*(_zmax-_zmin)
_ASMDIAG=SQRT(_ASMDIAG)
/wb,contact,start          !  starting to send contact
/com,*********** Create Contact "Contact Region" ***********
/com,            Real Constant Set For Above Contact Is 5 & 4 
*set,tid,5
*set,cid,4
r,tid
r,cid
et,tid,170
et,cid,174
MAT,5 $ TYPE,5 $ REAL,5 $ SECNUM,5 $ ESYS,0
eblock,11,COMPACT,,93
(11i9)
     1242       78      107       69       69      492      460       69      458
     1243      103      102      104      104      567      568      104      570
     1244      119       98      118      104      557      556      573      574
     1245       97       77       96      120      488      487      550      554
     1246       96       77      105      121      487      490      575      551
     1247       95      100       72      122      546      468      470      548
     1248      100       95      121      105      546      547      575      563
     1249       72      123       94      122      471      544      543      470
     1250       78       69      116       90      458      461      530      491
     1251       90      116       99      136      530      559      561      531
     1252       78       90       91      125      491      529      533      493
     1253      100       70      106       72      462      464      469      468
     1254      100      105      102       70      563      569      463      462
     1255      107       76      102       69      485      483      459      460
     1256      102      103      116       69      567      571      461      459
     1257      102       76      106       70      483      484      464      463
     1258      112       74      113       73      478      479      474      473
     1259       73       83      132      112      472      506      584      473
     1260       74      101      114      113      476      566      585      479
     1261       74      111      110      101      477      580      565      476
     1262       86      129      111      130      515      581      582      516
     1263       74       85      130      111      475      512      582      477
     1264      101       71      115      114      466      467      587      566
     1265      101      108       75       71      564      481      465      466
     1266      110      109      108      101      577      576      564      565
     1267      129       87      110      111      520      518      580      581
     1268      114       82      133      113      502      503      586      585
     1269      115      134       82      114      588      504      502      587
     1270       75       79      115       71      480      495      467      465
     1271      105       77      104      102      490      489      568      569
     1272       78      125       92      107      493      537      535      492
     1273       92      124       76      107      536      486      485      535
     1274       72      106       93      123      469      539      540      471
     1275      113      133       83       73      586      507      472      474
     1276      112      131       85       74      583      513      475      478
     1277      110       87      128      109      518      519      579      577
     1278       79       81      134      115      494      500      588      495
     1279       75      126      135       79      482      599      496      480
     1280      109      127       89      108      578      527      525      576
     1281      108       89      126       75      525      526      482      481
     1282       76      124       93      106      486      541      539      484
     1283       77       97      119      104      488      553      574      489
     1284      104      118      117      103      573      589      572      570
     1285      103      117       99      116      572      560      559      571
     1286      132       84      131      112      510      509      583      584
     1287      128       88      127      109      523      522      578      579
     1288       79      135       80       81      496      498      497      494
     1289      135      161      180       80      609      667      499      498
     1290       80      180      179       81      499      703      501      497
     1291       81      179      178      134      501      701      608      500
     1292      134      178      177       82      608      699      505      504
     1293       82      177      176      133      505      697      607      503
     1294      133      176      175       83      607      695      508      507
     1295       83      175      174      132      508      693      606      506
     1296      132      174      173       84      606      691      511      510
     1297       84      173      172      131      511      689      605      509
     1298      131      172      171       85      605      687      514      513
     1299       85      171      170      130      514      685      604      512
     1300      130      170      169       86      604      683      517      516
     1301       86      169      168      129      517      681      603      515
     1302      129      168      167       87      603      679      521      520
     1303       87      167      166      128      521      677      602      519
     1304      128      166      165       88      602      675      524      523
     1305       88      165      164      127      524      673      601      522
     1306      127      164      163       89      601      671      528      527
     1307       89      163      162      126      528      669      600      526
     1308      126      162      161      135      600      666      609      599
     1309      136      186      160       90      610      664      532      531
     1310       90      160      154       91      532      646      534      529
     1311       91      154      153      125      534      644      598      533
     1312      125      153      152       92      598      642      538      537
     1313       92      152      151      124      538      640      597      536
     1314      124      151      150       93      597      638      542      541
     1315       93      150      149      123      542      636      596      540
     1316      123      149      148       94      596      634      545      544
     1317       94      148      147      122      545      632      595      543
     1318      122      147      146       95      595      630      549      548
     1319       95      146      145      121      549      628      594      547
     1320      121      145      144       96      594      626      552      551
     1321       96      144      143      120      552      624      593      550
     1322      120      143      142       97      593      622      555      554
     1323       97      142      141      119      555      620      592      553
     1324      119      141      140       98      592      618      558      557
     1325       98      140      139      118      558      616      591      556
     1326       99      137      186      136      562      612      610      561
     1327      117      138      137       99      590      611      562      560
     1328      118      139      138      117      591      614      590      589
     1329      161      155      181      180      649      650      705      667
     1330      155      156      182      181      648      653      707      650
     1331      156      157      183      182      652      656      709      653
     1332      157      158      184      183      655      659      711      656
     1333      158      159      185      184      658      662      713      659
     1334      160      186      185      159      664      715      662      661
-1
secnum,1    ! reset the section ID to default
MAT,4 $ TYPE,4 $ REAL,4 $ SECNUM,4 $ ESYS,0
eblock,11,COMPACT,,93
(11i9)
     1335       78      107       69       69      492      460       69      458
     1336      103      102      104      104      567      568      104      570
     1337      119       98      118      104      557      556      573      574
     1338       97       77       96      120      488      487      550      554
     1339       96       77      105      121      487      490      575      551
     1340       95      100       72      122      546      468      470      548
     1341      100       95      121      105      546      547      575      563
     1342       72      123       94      122      471      544      543      470
     1343       78       69      116       90      458      461      530      491
     1344       90      116       99      136      530      559      561      531
     1345       78       90       91      125      491      529      533      493
     1346      100       70      106       72      462      464      469      468
     1347      100      105      102       70      563      569      463      462
     1348      107       76      102       69      485      483      459      460
     1349      102      103      116       69      567      571      461      459
     1350      102       76      106       70      483      484      464      463
     1351      112       74      113       73      478      479      474      473
     1352       73       83      132      112      472      506      584      473
     1353       74      101      114      113      476      566      585      479
     1354       74      111      110      101      477      580      565      476
     1355       86      129      111      130      515      581      582      516
     1356       74       85      130      111      475      512      582      477
     1357      101       71      115      114      466      467      587      566
     1358      101      108       75       71      564      481      465      466
     1359      110      109      108      101      577      576      564      565
     1360      129       87      110      111      520      518      580      581
     1361      114       82      133      113      502      503      586      585
     1362      115      134       82      114      588      504      502      587
     1363       75       79      115       71      480      495      467      465
     1364      105       77      104      102      490      489      568      569
     1365       78      125       92      107      493      537      535      492
     1366       92      124       76      107      536      486      485      535
     1367       72      106       93      123      469      539      540      471
     1368      113      133       83       73      586      507      472      474
     1369      112      131       85       74      583      513      475      478
     1370      110       87      128      109      518      519      579      577
     1371       79       81      134      115      494      500      588      495
     1372       75      126      135       79      482      599      496      480
     1373      109      127       89      108      578      527      525      576
     1374      108       89      126       75      525      526      482      481
     1375       76      124       93      106      486      541      539      484
     1376       77       97      119      104      488      553      574      489
     1377      104      118      117      103      573      589      572      570
     1378      103      117       99      116      572      560      559      571
     1379      132       84      131      112      510      509      583      584
     1380      128       88      127      109      523      522      578      579
     1381       79      135       80       81      496      498      497      494
     1382      135      161      180       80      609      667      499      498
     1383       80      180      179       81      499      703      501      497
     1384       81      179      178      134      501      701      608      500
     1385      134      178      177       82      608      699      505      504
     1386       82      177      176      133      505      697      607      503
     1387      133      176      175       83      607      695      508      507
     1388       83      175      174      132      508      693      606      506
     1389      132      174      173       84      606      691      511      510
     1390       84      173      172      131      511      689      605      509
     1391      131      172      171       85      605      687      514      513
     1392       85      171      170      130      514      685      604      512
     1393      130      170      169       86      604      683      517      516
     1394       86      169      168      129      517      681      603      515
     1395      129      168      167       87      603      679      521      520
     1396       87      167      166      128      521      677      602      519
     1397      128      166      165       88      602      675      524      523
     1398       88      165      164      127      524      673      601      522
     1399      127      164      163       89      601      671      528      527
     1400       89      163      162      126      528      669      600      526
     1401      126      162      161      135      600      666      609      599
     1402      136      186      160       90      610      664      532      531
     1403       90      160      154       91      532      646      534      529
     1404       91      154      153      125      534      644      598      533
     1405      125      153      152       92      598      642      538      537
     1406       92      152      151      124      538      640      597      536
     1407      124      151      150       93      597      638      542      541
     1408       93      150      149      123      542      636      596      540
     1409      123      149      148       94      596      634      545      544
     1410       94      148      147      122      545      632      595      543
     1411      122      147      146       95      595      630      549      548
     1412       95      146      145      121      549      628      594      547
     1413      121      145      144       96      594      626      552      551
     1414       96      144      143      120      552      624      593      550
     1415      120      143      142       97      593      622      555      554
     1416       97      142      141      119      555      620      592      553
     1417      119      141      140       98      592      618      558      557
     1418       98      140      139      118      558      616      591      556
     1419       99      137      186      136      562      612      610      561
     1420      117      138      137       99      590      611      562      560
     1421      118      139      138      117      591      614      590      589
     1422      161      155      181      180      649      650      705      667
     1423      155      156      182      181      648      653      707      650
     1424      156      157      183      182      652      656      709      653
     1425      157      158      184      183      655      659      711      656
     1426      158      159      185      184      658      662      713      659
     1427      160      186      185      159      664      715      662      661
-1
secnum,1    ! reset the section ID to default
MAT,4 $ TYPE,4 $ REAL,5 $ SECNUM,4 $ ESYS,0
eblock,11,COMPACT,,70
(11i9)
     1428      939      940      922      921     1635     1601     1598     1599
     1429      957      958      940      939     1672     1638     1635     1636
     1430      975      976      958      957     1709     1675     1672     1673
     1431      993      994      976      975     1746     1712     1709     1710
     1432      922      923      905      904     1600     1552     1548     1549
     1433      940      941      923      922     1637     1603     1600     1601
     1434      958      959      941      940     1674     1640     1637     1638
     1435      976      977      959      958     1711     1677     1674     1675
     1436      994      995      977      976     1748     1714     1711     1712
     1437     1012     1013      995      994     1785     1751     1748     1749
     1438      923      924      906      905     1602     1555     1551     1552
     1439      941      942      924      923     1639     1605     1602     1603
     1440      959      960      942      941     1676     1642     1639     1640
     1441      977      978      960      959     1713     1679     1676     1677
     1442      995      996      978      977     1750     1716     1713     1714
     1443     1013     1014      996      995     1787     1753     1750     1751
     1444      924      925      907      906     1604     1558     1554     1555
     1445      942      943      925      924     1641     1607     1604     1605
     1446      960      961      943      942     1678     1644     1641     1642
     1447      978      979      961      960     1715     1681     1678     1679
     1448      996      997      979      978     1752     1718     1715     1716
     1449     1014     1015      997      996     1789     1755     1752     1753
     1450      925      926      908      907     1606     1561     1557     1558
     1451      943      944      926      925     1643     1609     1606     1607
     1452      961      962      944      943     1680     1646     1643     1644
     1453      979      980      962      961     1717     1683     1680     1681
     1454      997      998      980      979     1754     1720     1717     1718
     1455     1015     1016      998      997     1791     1757     1754     1755
     1456      926      927      909      908     1608     1564     1560     1561
     1457      944      945      927      926     1645     1611     1608     1609
     1458      962      963      945      944     1682     1648     1645     1646
     1459      980      981      963      962     1719     1685     1682     1683
     1460      998      999      981      980     1756     1722     1719     1720
     1461     1016     1017      999      998     1793     1759     1756     1757
     1462      963      964      946      945     1684     1650     1647     1648
     1463      981      982      964      963     1721     1687     1684     1685
     1464      946      947      929      928     1649     1615     1612     1613
     1465      964      965      947      946     1686     1652     1649     1650
     1466      982      983      965      964     1723     1689     1686     1687
     1467     1000     1001      983      982     1760     1726     1723     1724
     1468      929      930      912      911     1614     1573     1569     1570
     1469      947      948      930      929     1651     1617     1614     1615
     1470      965      966      948      947     1688     1654     1651     1652
     1471      983      984      966      965     1725     1691     1688     1689
     1472     1001     1002      984      983     1762     1728     1725     1726
     1473     1019     1020     1002     1001     1799     1765     1762     1763
     1474      930      931      913      912     1616     1576     1572     1573
     1475      948      949      931      930     1653     1619     1616     1617
     1476      966      967      949      948     1690     1656     1653     1654
     1477      984      985      967      966     1727     1693     1690     1691
     1478     1002     1003      985      984     1764     1730     1727     1728
     1479     1020     1021     1003     1002     1801     1767     1764     1765
     1480      931      932      914      913     1618     1579     1575     1576
     1481      949      950      932      931     1655     1621     1618     1619
     1482      967      968      950      949     1692     1658     1655     1656
     1483      985      986      968      967     1729     1695     1692     1693
     1484     1003     1004      986      985     1766     1732     1729     1730
     1485     1021     1022     1004     1003     1803     1769     1766     1767
     1486      932      933      915      914     1620     1582     1578     1579
     1487      950      951      933      932     1657     1623     1620     1621
     1488      968      969      951      950     1694     1660     1657     1658
     1489      986      987      969      968     1731     1697     1694     1695
     1490     1004     1005      987      986     1768     1734     1731     1732
     1491     1022     1023     1005     1004     1805     1771     1768     1769
     1492      933      934      916      915     1622     1585     1581     1582
     1493      951      952      934      933     1659     1625     1622     1623
     1494      969      970      952      951     1696     1662     1659     1660
     1495      987      988      970      969     1733     1699     1696     1697
     1496     1005     1006      988      987     1770     1736     1733     1734
     1497     1023     1024     1006     1005     1807     1773     1770     1771
-1
secnum,1    ! reset the section ID to default
MAT,5 $ TYPE,5 $ REAL,4 $ SECNUM,5 $ ESYS,0
eblock,11,COMPACT,,70
(11i9)
     1498      939      940      922      921     1635     1601     1598     1599
     1499      957      958      940      939     1672     1638     1635     1636
     1500      975      976      958      957     1709     1675     1672     1673
     1501      993      994      976      975     1746     1712     1709     1710
     1502      922      923      905      904     1600     1552     1548     1549
     1503      940      941      923      922     1637     1603     1600     1601
     1504      958      959      941      940     1674     1640     1637     1638
     1505      976      977      959      958     1711     1677     1674     1675
     1506      994      995      977      976     1748     1714     1711     1712
     1507     1012     1013      995      994     1785     1751     1748     1749
     1508      923      924      906      905     1602     1555     1551     1552
     1509      941      942      924      923     1639     1605     1602     1603
     1510      959      960      942      941     1676     1642     1639     1640
     1511      977      978      960      959     1713     1679     1676     1677
     1512      995      996      978      977     1750     1716     1713     1714
     1513     1013     1014      996      995     1787     1753     1750     1751
     1514      924      925      907      906     1604     1558     1554     1555
     1515      942      943      925      924     1641     1607     1604     1605
     1516      960      961      943      942     1678     1644     1641     1642
     1517      978      979      961      960     1715     1681     1678     1679
     1518      996      997      979      978     1752     1718     1715     1716
     1519     1014     1015      997      996     1789     1755     1752     1753
     1520      925      926      908      907     1606     1561     1557     1558
     1521      943      944      926      925     1643     1609     1606     1607
     1522      961      962      944      943     1680     1646     1643     1644
     1523      979      980      962      961     1717     1683     1680     1681
     1524      997      998      980      979     1754     1720     1717     1718
     1525     1015     1016      998      997     1791     1757     1754     1755
     1526      926      927      909      908     1608     1564     1560     1561
     1527      944      945      927      926     1645     1611     1608     1609
     1528      962      963      945      944     1682     1648     1645     1646
     1529      980      981      963      962     1719     1685     1682     1683
     1530      998      999      981      980     1756     1722     1719     1720
     1531     1016     1017      999      998     1793     1759     1756     1757
     1532      963      964      946      945     1684     1650     1647     1648
     1533      981      982      964      963     1721     1687     1684     1685
     1534      946      947      929      928     1649     1615     1612     1613
     1535      964      965      947      946     1686     1652     1649     1650
     1536      982      983      965      964     1723     1689     1686     1687
     1537     1000     1001      983      982     1760     1726     1723     1724
     1538      929      930      912      911     1614     1573     1569     1570
     1539      947      948      930      929     1651     1617     1614     1615
     1540      965      966      948      947     1688     1654     1651     1652
     1541      983      984      966      965     1725     1691     1688     1689
     1542     1001     1002      984      983     1762     1728     1725     1726
     1543     1019     1020     1002     1001     1799     1765     1762     1763
     1544      930      931      913      912     1616     1576     1572     1573
     1545      948      949      931      930     1653     1619     1616     1617
     1546      966      967      949      948     1690     1656     1653     1654
     1547      984      985      967      966     1727     1693     1690     1691
     1548     1002     1003      985      984     1764     1730     1727     1728
     1549     1020     1021     1003     1002     1801     1767     1764     1765
     1550      931      932      914      913     1618     1579     1575     1576
     1551      949      950      932      931     1655     1621     1618     1619
     1552      967      968      950      949     1692     1658     1655     1656
     1553      985      986      968      967     1729     1695     1692     1693
     1554     1003     1004      986      985     1766     1732     1729     1730
     1555     1021     1022     1004     1003     1803     1769     1766     1767
     1556      932      933      915      914     1620     1582     1578     1579
     1557      950      951      933      932     1657     1623     1620     1621
     1558      968      969      951      950     1694     1660     1657     1658
     1559      986      987      969      968     1731     1697     1694     1695
     1560     1004     1005      987      986     1768     1734     1731     1732
     1561     1022     1023     1005     1004     1805     1771     1768     1769
     1562      933      934      916      915     1622     1585     1581     1582
     1563      951      952      934      933     1659     1625     1622     1623
     1564      969      970      952      951     1696     1662     1659     1660
     1565      987      988      970      969     1733     1699     1696     1697
     1566     1005     1006      988      987     1770     1736     1733     1734
     1567     1023     1024     1006     1005     1807     1773     1770     1771
-1
secnum,1    ! reset the section ID to default
keyo,cid,8,2               ! auto create asymmetric contact (from Program Controlled setting)
keyo,cid,10,0              ! adjust contact stiffness each NR iteration (from Program Controlled setting)
keyo,cid,12,5              ! bonded always
keyo,cid,18,1              ! small sliding turned on by application
keyo,cid,2,0               ! augmented Lagrange (from Program Controlled setting)
keyo,cid,4,0               ! on Gauss point (from Program Controlled setting)
keyo,cid,9,1               ! ignore initial gaps/penetration
keyo,cid,7,0               ! No Prediction
rmod,tid,3,10.      ! FKN
rmod,tid,5,0.       ! ICONT
rmod,tid,6,0.       ! PINB
rmod,tid,10,0.      ! CNOF
rmod,tid,12,0.      ! FKT
rmod,tid,36,564     ! WB DSID
rmod,cid,3,10.      ! FKN
rmod,cid,5,0.       ! ICONT
rmod,cid,6,0.       ! PINB
rmod,cid,10,0.      ! CNOF
rmod,cid,12,0.      ! FKT
rmod,cid,36,564     ! WB DSID
/com,*********** Create Contact "Contact Region 2" ***********
/com,            Real Constant Set For Above Contact Is 7 & 6 
*set,tid,7
*set,cid,6
r,tid
r,cid
et,tid,170
et,cid,174
MAT,7 $ TYPE,7 $ REAL,7 $ SECNUM,7 $ ESYS,0
eblock,11,COMPACT,,24
(11i9)
     1568     1052      901     1054     1053     1540     1541     1868     1866
     1569     1051      919      901     1052     1595     1539     1540     1864
     1570     1050      937      919     1051     1632     1594     1595     1862
     1571     1049      955      937     1050     1669     1631     1632     1860
     1572     1048      973      955     1049     1706     1668     1669     1858
     1573     1047      991      973     1048     1743     1705     1706     1856
     1574     1046     1009      991     1047     1780     1742     1743     1854
     1575     1045     1044     1009     1046     1850     1779     1780     1852
     1576      901      902     1055     1054     1538     1544     1870     1541
     1577      919      920      902      901     1593     1543     1538     1539
     1578      937      938      920      919     1630     1597     1593     1594
     1579      955      956      938      937     1667     1634     1630     1631
     1580      973      974      956      955     1704     1671     1667     1668
     1581      991      992      974      973     1741     1708     1704     1705
     1582     1009     1010      992      991     1778     1745     1741     1742
     1583     1044     1043     1010     1009     1848     1782     1778     1779
     1584      902      903     1056     1055     1542     1547     1872     1544
     1585      920      921      903      902     1596     1546     1542     1543
     1586      938      939      921      920     1633     1599     1596     1597
     1587      956      957      939      938     1670     1636     1633     1634
     1588      974      975      957      956     1707     1673     1670     1671
     1589      992      993      975      974     1744     1710     1707     1708
     1590     1010     1011      993      992     1781     1747     1744     1745
     1591     1043     1042     1011     1010     1846     1784     1781     1782
-1
secnum,1    ! reset the section ID to default
MAT,6 $ TYPE,6 $ REAL,6 $ SECNUM,6 $ ESYS,0
eblock,11,COMPACT,,24
(11i9)
     1592     1052      901     1054     1053     1540     1541     1868     1866
     1593     1051      919      901     1052     1595     1539     1540     1864
     1594     1050      937      919     1051     1632     1594     1595     1862
     1595     1049      955      937     1050     1669     1631     1632     1860
     1596     1048      973      955     1049     1706     1668     1669     1858
     1597     1047      991      973     1048     1743     1705     1706     1856
     1598     1046     1009      991     1047     1780     1742     1743     1854
     1599     1045     1044     1009     1046     1850     1779     1780     1852
     1600      901      902     1055     1054     1538     1544     1870     1541
     1601      919      920      902      901     1593     1543     1538     1539
     1602      937      938      920      919     1630     1597     1593     1594
     1603      955      956      938      937     1667     1634     1630     1631
     1604      973      974      956      955     1704     1671     1667     1668
     1605      991      992      974      973     1741     1708     1704     1705
     1606     1009     1010      992      991     1778     1745     1741     1742
     1607     1044     1043     1010     1009     1848     1782     1778     1779
     1608      902      903     1056     1055     1542     1547     1872     1544
     1609      920      921      903      902     1596     1546     1542     1543
     1610      938      939      921      920     1633     1599     1596     1597
     1611      956      957      939      938     1670     1636     1633     1634
     1612      974      975      957      956     1707     1673     1670     1671
     1613      992      993      975      974     1744     1710     1707     1708
     1614     1010     1011      993      992     1781     1747     1744     1745
     1615     1043     1042     1011     1010     1846     1784     1781     1782
-1
secnum,1    ! reset the section ID to default
MAT,6 $ TYPE,6 $ REAL,7 $ SECNUM,6 $ ESYS,0
eblock,11,COMPACT,,60
(11i9)
     1616     2237     2108     2263     2238     2728     2729     2990     2988
     1617     2108     2104     2264     2263     2719     2720     3038     2729
     1618     2104     2100     2265     2264     2710     2711     3039     2720
     1619     2100     2096     2266     2265     2701     2702     3040     2711
     1620     2096     2092     2267     2266     2692     2693     3041     2702
     1621     2092     2088     2268     2267     2683     2684     3042     2693
     1622     2088     2084     2269     2268     2674     2675     3043     2684
     1623     2084     2080     2270     2269     2665     2666     3044     2675
     1624     2080     2076     2271     2270     2656     2657     3045     2666
     1625     2076     2072     2272     2271     2647     2648     3046     2657
     1626     2072     2068     2273     2272     2637     2638     3047     2648
     1627     2068     2285     2274     2273     2639     3050     3048     2638
     1628     2236     2107     2108     2237     2727     2726     2728     2987
     1629     2107     2103     2104     2108     2718     2717     2719     2726
     1630     2103     2099     2100     2104     2709     2708     2710     2717
     1631     2099     2095     2096     2100     2700     2699     2701     2708
     1632     2095     2091     2092     2096     2691     2690     2692     2699
     1633     2091     2087     2088     2092     2682     2681     2683     2690
     1634     2087     2083     2084     2088     2673     2672     2674     2681
     1635     2083     2079     2080     2084     2664     2663     2665     2672
     1636     2079     2075     2076     2080     2655     2654     2656     2663
     1637     2075     2071     2072     2076     2646     2645     2647     2654
     1638     2071     2067     2068     2072     2635     2634     2637     2645
     1639     2067     2286     2285     2068     2636     3068     2639     2634
     1640     2235     2106     2107     2236     2725     2724     2727     2986
     1641     2106     2102     2103     2107     2716     2715     2718     2724
     1642     2102     2098     2099     2103     2707     2706     2709     2715
     1643     2098     2094     2095     2099     2698     2697     2700     2706
     1644     2094     2090     2091     2095     2689     2688     2691     2697
     1645     2090     2086     2087     2091     2680     2679     2682     2688
     1646     2086     2082     2083     2087     2671     2670     2673     2679
     1647     2082     2078     2079     2083     2662     2661     2664     2670
     1648     2078     2074     2075     2079     2653     2652     2655     2661
     1649     2074     2070     2071     2075     2644     2643     2646     2652
     1650     2070     2066     2067     2071     2632     2631     2635     2643
     1651     2066     2287     2286     2067     2633     3069     2636     2631
     1652     2234     2105     2106     2235     2723     2721     2725     2985
     1653     2105     2101     2102     2106     2713     2712     2716     2721
     1654     2101     2097     2098     2102     2704     2703     2707     2712
     1655     2097     2093     2094     2098     2695     2694     2698     2703
     1656     2093     2089     2090     2094     2686     2685     2689     2694
     1657     2089     2085     2086     2090     2677     2676     2680     2685
     1658     2085     2081     2082     2086     2668     2667     2671     2676
     1659     2081     2077     2078     2082     2659     2658     2662     2667
     1660     2077     2073     2074     2078     2650     2649     2653     2658
     1661     2073     2069     2070     2074     2641     2640     2644     2649
     1662     2069     2065     2066     2070     2628     2627     2632     2640
     1663     2065     2288     2287     2066     2630     3070     2633     2627
     1664     2223     2219     2105     2234     2958     2722     2723     2965
     1665     2219     2218     2101     2105     2957     2714     2713     2722
     1666     2218     2217     2097     2101     2956     2705     2704     2714
     1667     2217     2216     2093     2097     2955     2696     2695     2705
     1668     2216     2215     2089     2093     2954     2687     2686     2696
     1669     2215     2214     2085     2089     2953     2678     2677     2687
     1670     2214     2213     2081     2085     2952     2669     2668     2678
     1671     2213     2212     2077     2081     2951     2660     2659     2669
     1672     2212     2211     2073     2077     2950     2651     2650     2660
     1673     2211     2210     2069     2073     2949     2642     2641     2651
     1674     2210     2209     2065     2069     2947     2629     2628     2642
     1675     2209     2220     2288     2065     2948     2960     2630     2629
-1
secnum,1    ! reset the section ID to default
MAT,7 $ TYPE,7 $ REAL,6 $ SECNUM,7 $ ESYS,0
eblock,11,COMPACT,,60
(11i9)
     1676     2237     2108     2263     2238     2728     2729     2990     2988
     1677     2108     2104     2264     2263     2719     2720     3038     2729
     1678     2104     2100     2265     2264     2710     2711     3039     2720
     1679     2100     2096     2266     2265     2701     2702     3040     2711
     1680     2096     2092     2267     2266     2692     2693     3041     2702
     1681     2092     2088     2268     2267     2683     2684     3042     2693
     1682     2088     2084     2269     2268     2674     2675     3043     2684
     1683     2084     2080     2270     2269     2665     2666     3044     2675
     1684     2080     2076     2271     2270     2656     2657     3045     2666
     1685     2076     2072     2272     2271     2647     2648     3046     2657
     1686     2072     2068     2273     2272     2637     2638     3047     2648
     1687     2068     2285     2274     2273     2639     3050     3048     2638
     1688     2236     2107     2108     2237     2727     2726     2728     2987
     1689     2107     2103     2104     2108     2718     2717     2719     2726
     1690     2103     2099     2100     2104     2709     2708     2710     2717
     1691     2099     2095     2096     2100     2700     2699     2701     2708
     1692     2095     2091     2092     2096     2691     2690     2692     2699
     1693     2091     2087     2088     2092     2682     2681     2683     2690
     1694     2087     2083     2084     2088     2673     2672     2674     2681
     1695     2083     2079     2080     2084     2664     2663     2665     2672
     1696     2079     2075     2076     2080     2655     2654     2656     2663
     1697     2075     2071     2072     2076     2646     2645     2647     2654
     1698     2071     2067     2068     2072     2635     2634     2637     2645
     1699     2067     2286     2285     2068     2636     3068     2639     2634
     1700     2235     2106     2107     2236     2725     2724     2727     2986
     1701     2106     2102     2103     2107     2716     2715     2718     2724
     1702     2102     2098     2099     2103     2707     2706     2709     2715
     1703     2098     2094     2095     2099     2698     2697     2700     2706
     1704     2094     2090     2091     2095     2689     2688     2691     2697
     1705     2090     2086     2087     2091     2680     2679     2682     2688
     1706     2086     2082     2083     2087     2671     2670     2673     2679
     1707     2082     2078     2079     2083     2662     2661     2664     2670
     1708     2078     2074     2075     2079     2653     2652     2655     2661
     1709     2074     2070     2071     2075     2644     2643     2646     2652
     1710     2070     2066     2067     2071     2632     2631     2635     2643
     1711     2066     2287     2286     2067     2633     3069     2636     2631
     1712     2234     2105     2106     2235     2723     2721     2725     2985
     1713     2105     2101     2102     2106     2713     2712     2716     2721
     1714     2101     2097     2098     2102     2704     2703     2707     2712
     1715     2097     2093     2094     2098     2695     2694     2698     2703
     1716     2093     2089     2090     2094     2686     2685     2689     2694
     1717     2089     2085     2086     2090     2677     2676     2680     2685
     1718     2085     2081     2082     2086     2668     2667     2671     2676
     1719     2081     2077     2078     2082     2659     2658     2662     2667
     1720     2077     2073     2074     2078     2650     2649     2653     2658
     1721     2073     2069     2070     2074     2641     2640     2644     2649
     1722     2069     2065     2066     2070     2628     2627     2632     2640
     1723     2065     2288     2287     2066     2630     3070     2633     2627
     1724     2223     2219     2105     2234     2958     2722     2723     2965
     1725     2219     2218     2101     2105     2957     2714     2713     2722
     1726     2218     2217     2097     2101     2956     2705     2704     2714
     1727     2217     2216     2093     2097     2955     2696     2695     2705
     1728     2216     2215     2089     2093     2954     2687     2686     2696
     1729     2215     2214     2085     2089     2953     2678     2677     2687
     1730     2214     2213     2081     2085     2952     2669     2668     2678
     1731     2213     2212     2077     2081     2951     2660     2659     2669
     1732     2212     2211     2073     2077     2950     2651     2650     2660
     1733     2211     2210     2069     2073     2949     2642     2641     2651
     1734     2210     2209     2065     2069     2947     2629     2628     2642
     1735     2209     2220     2288     2065     2948     2960     2630     2629
-1
secnum,1    ! reset the section ID to default
keyo,cid,8,2               ! auto create asymmetric contact (from Program Controlled setting)
keyo,cid,10,0              ! adjust contact stiffness each NR iteration (from Program Controlled setting)
keyo,cid,12,5              ! bonded always
keyo,cid,18,1              ! small sliding turned on by application
keyo,cid,2,0               ! augmented Lagrange (from Program Controlled setting)
keyo,cid,4,0               ! on Gauss point (from Program Controlled setting)
keyo,cid,9,1               ! ignore initial gaps/penetration
keyo,cid,7,0               ! No Prediction
rmod,tid,3,10.      ! FKN
rmod,tid,5,0.       ! ICONT
rmod,tid,6,0.       ! PINB
rmod,tid,10,0.      ! CNOF
rmod,tid,12,0.      ! FKT
rmod,tid,36,567     ! WB DSID
rmod,cid,3,10.      ! FKN
rmod,cid,5,0.       ! ICONT
rmod,cid,6,0.       ! PINB
rmod,cid,10,0.      ! CNOF
rmod,cid,12,0.      ! FKT
rmod,cid,36,567     ! WB DSID
nsel,all
esel,all
/wb,contact,end            !  done creating contacts
/golist
/wb,load,start             !  starting to send loads
/com,*********** Fixed Supports ***********
CMBLOCK,_FIXEDSU,NODE,        4
(8i10)
      1072     -1089      1906     -1930
cmsel,s,_FIXEDSU
d,all,all
nsel,all
/com,*********** Define Force Using Surface Effect Elements ***********
local,12,0,0.,0.,0.,0.,0.,0.
csys,0
et,8,154
MAT,8 $ TYPE,8 $ REAL,8 $ SECNUM,8 $ ESYS,12
eblock,11,COMPACT,,60
(11i9)
     1736     2237     2108     2263     2238     2728     2729     2990     2988
     1737     2108     2104     2264     2263     2719     2720     3038     2729
     1738     2104     2100     2265     2264     2710     2711     3039     2720
     1739     2100     2096     2266     2265     2701     2702     3040     2711
     1740     2096     2092     2267     2266     2692     2693     3041     2702
     1741     2092     2088     2268     2267     2683     2684     3042     2693
     1742     2088     2084     2269     2268     2674     2675     3043     2684
     1743     2084     2080     2270     2269     2665     2666     3044     2675
     1744     2080     2076     2271     2270     2656     2657     3045     2666
     1745     2076     2072     2272     2271     2647     2648     3046     2657
     1746     2072     2068     2273     2272     2637     2638     3047     2648
     1747     2068     2285     2274     2273     2639     3050     3048     2638
     1748     2236     2107     2108     2237     2727     2726     2728     2987
     1749     2107     2103     2104     2108     2718     2717     2719     2726
     1750     2103     2099     2100     2104     2709     2708     2710     2717
     1751     2099     2095     2096     2100     2700     2699     2701     2708
     1752     2095     2091     2092     2096     2691     2690     2692     2699
     1753     2091     2087     2088     2092     2682     2681     2683     2690
     1754     2087     2083     2084     2088     2673     2672     2674     2681
     1755     2083     2079     2080     2084     2664     2663     2665     2672
     1756     2079     2075     2076     2080     2655     2654     2656     2663
     1757     2075     2071     2072     2076     2646     2645     2647     2654
     1758     2071     2067     2068     2072     2635     2634     2637     2645
     1759     2067     2286     2285     2068     2636     3068     2639     2634
     1760     2235     2106     2107     2236     2725     2724     2727     2986
     1761     2106     2102     2103     2107     2716     2715     2718     2724
     1762     2102     2098     2099     2103     2707     2706     2709     2715
     1763     2098     2094     2095     2099     2698     2697     2700     2706
     1764     2094     2090     2091     2095     2689     2688     2691     2697
     1765     2090     2086     2087     2091     2680     2679     2682     2688
     1766     2086     2082     2083     2087     2671     2670     2673     2679
     1767     2082     2078     2079     2083     2662     2661     2664     2670
     1768     2078     2074     2075     2079     2653     2652     2655     2661
     1769     2074     2070     2071     2075     2644     2643     2646     2652
     1770     2070     2066     2067     2071     2632     2631     2635     2643
     1771     2066     2287     2286     2067     2633     3069     2636     2631
     1772     2234     2105     2106     2235     2723     2721     2725     2985
     1773     2105     2101     2102     2106     2713     2712     2716     2721
     1774     2101     2097     2098     2102     2704     2703     2707     2712
     1775     2097     2093     2094     2098     2695     2694     2698     2703
     1776     2093     2089     2090     2094     2686     2685     2689     2694
     1777     2089     2085     2086     2090     2677     2676     2680     2685
     1778     2085     2081     2082     2086     2668     2667     2671     2676
     1779     2081     2077     2078     2082     2659     2658     2662     2667
     1780     2077     2073     2074     2078     2650     2649     2653     2658
     1781     2073     2069     2070     2074     2641     2640     2644     2649
     1782     2069     2065     2066     2070     2628     2627     2632     2640
     1783     2065     2288     2287     2066     2630     3070     2633     2627
     1784     2223     2219     2105     2234     2958     2722     2723     2965
     1785     2219     2218     2101     2105     2957     2714     2713     2722
     1786     2218     2217     2097     2101     2956     2705     2704     2714
     1787     2217     2216     2093     2097     2955     2696     2695     2705
     1788     2216     2215     2089     2093     2954     2687     2686     2696
     1789     2215     2214     2085     2089     2953     2678     2677     2687
     1790     2214     2213     2081     2085     2952     2669     2668     2678
     1791     2213     2212     2077     2081     2951     2660     2659     2669
     1792     2212     2211     2073     2077     2950     2651     2650     2660
     1793     2211     2210     2069     2073     2949     2642     2641     2651
     1794     2210     2209     2065     2069     2947     2629     2628     2642
     1795     2209     2220     2288     2065     2948     2960     2630     2629
-1
secnum,1    ! reset the section ID to default
esel,s,type,,8
keyop,8,2,1         ! Apply load in local coordinate system
keyop,8,7,1         ! Use original area so load is constant in large deformation
esel,all

*DIM,_loadvari104x,TABLE,1,1,1,FREQ, , , 0
! Frequency values
*TAXIS,_loadvari104x(1),1,1.
! Load values
_loadvari104x(1,1,1) = 0.



*DIM,_loadvari104xi,TABLE,1,1,1,FREQ, , , 0
! Frequency values
*TAXIS,_loadvari104xi(1),1,1.
! Load values
_loadvari104xi(1,1,1) = 0.



*DIM,_loadvari104y,TABLE,1,1,1,FREQ, , , 0
! Frequency values
*TAXIS,_loadvari104y(1),1,1.
! Load values
_loadvari104y(1,1,1) = -166.666666666679



*DIM,_loadvari104yi,TABLE,1,1,1,FREQ, , , 0
! Frequency values
*TAXIS,_loadvari104yi(1),1,1.
! Load values
_loadvari104yi(1,1,1) = 0.



*DIM,_loadvari104z,TABLE,1,1,1,FREQ, , , 0
! Frequency values
*TAXIS,_loadvari104z(1),1,1.
! Load values
_loadvari104z(1,1,1) = 0.



*DIM,_loadvari104zi,TABLE,1,1,1,FREQ, , , 0
! Frequency values
*TAXIS,_loadvari104zi(1),1,1.
! Load values
_loadvari104zi(1,1,1) = 0.


/gst,on,on
fini
*get,_numnode,node,0,count
*get,_numelem,elem,0,count
*get, _MAXELEMNUM, elem, 0, NUM, MAX
*get, _MAXNODENUM, node, 0, NUM, MAX
*get, _MAXELEMTYPE, etyp, 0, NUM, MAX
*get, _MAXREALCONST, rcon, 0, NUM, MAX
/go
/wb,load,end               !  done creating loads
/com,--- Number of total nodes = %_numnode%
/com,--- Number of contact elements = 554
/com,--- Number of spring elements = 0
/com,--- Number of bearing elements = 0
/com,--- Number of solid elements = 425
/com,--- Number of condensed parts = 0
/com,--- Number of total elements = %_numelem%
*get,_wallbsol,active,,time,wall
/com,*********** Performing Modal Solve ***********
/solu
antype,2
modcontrol,on,,,    ! 
thexpand,off     ! ignore thermal strains
mxpand,,,,yes,,no     ! expand element results for stress/strains, but not write them to file.mode
outres,erase
outres,all,none
outres,nsol,all
outres,eangl,all
outres,veng,all
outres,strs,all,
outres,epel,all,
outres,rsol,all
outres,cont,all,
modopt,lanb,200,0.,50.
fdele,all,all
sfdele,all,all
sfedele,all,all,all
acel,0,0,0                 ! zero out the acceleration
/com,*********** Setting and Solving Each Load Step ***********
esel,s,type,,8
nsle
sfe,all,2,pres,1,1
nsel,all
esel,all
solve
/com,**********************
/com *************** Write FE CONNECTORS ********* 
CEWRITE,file,ce,,INTE
fini
*get,_wallasol,active,,time,wall
/com,*********** Performing MSUP Harmonic Solve ***********
/solu
antype,harm
hropt,msup
thexpand,off     ! ignore thermal strains
hrout,off
kbc,1
harfrq,0,25
nsub,100
fdele,all,all
sfdele,all,all
sfedele,all,all,all
acel,0,0,0                 ! zero out the acceleration
lvscale,0,1
/com,*********** Scaling Each Load Step for MSUP Solve ***********
lvscale,%_loadvari104y%,1
! *********** WB SOLVE COMMAND ***********
! check interactive state
*get,ANSINTER_,active,,int
*if,ANSINTER_,ne,0,then
/eof
*endif
solve

fini
*get,_wallasol,active,,time,wall
! ------- MSUP EXPANSION PASS -------
/solu
expass,on
hrexp,all
outres,erase
outres,all,none
outres,nsol,all
outres,eangl,all
outres,veng,all
outres,strs,all,
outres,epel,all,
outres,rsol,all
outres,cont,all,
numexp,all,,,yes        ! expand results at all freq. and calculate requested result items
! *********** WB SOLVE COMMAND ***********
! check interactive state
*get,ANSINTER_,active,,int
*if,ANSINTER_,ne,0,then
/eof
*endif
solve
/com *************** Write FE CONNECTORS ********* 
CEWRITE,file,ce,,INTE
fini
/post1
xmlo,ENCODING,ISO-8859-1
xmlo,parm
/xml,parm,xml
fini
/gopr
*get,_walldone,active,,time,wall
_preptime=(_wallbsol-_wallstrt)*3600
_solvtime=(_wallasol-_wallbsol)*3600
_posttime=(_walldone-_wallasol)*3600
_totaltim=(_walldone-_wallstrt)*3600
*get,_dlbratio,active,0,solu,dlbr
*get,_combtime,active,0,solu,comb
*get,_ssmode,active,0,solu,ssmm
*get,_ndofs,active,0,solu,ndof
/fclean				!clean distributed files
/com,--- Total number of nodes = %_numnode%
/com,--- Total number of elements = %_numelem%
/com,--- Element load balance ratio = %_dlbratio%
/com,--- Time to combine distributed files = %_combtime%
/com,--- Sparse memory mode = %_ssmode%
/com,--- Number of DOF = %_ndofs%
/wb,file,end               ! done with WB generated input
